"Path","Size","Modified","SHA256"
"C:\Tiptorro\.gitattributes","117","11.09.2025 23:14:32","9D517A8FF3B79AA52DAC468CBB7B3FBCC6B76A1CAF27F82DA4EECFF89908D183"
"C:\Tiptorro\.gitignore","264","11.09.2025 23:14:43","F5A0E0A8F6F30A09FC96C31622F0ECC9999127048977061FDF2E31F6CCC613D9"
"C:\Tiptorro\CHANGELOG.md","0","11.09.2025 12:50:01","E3B0C44298FC1C149AFBF4C8996FB92427AE41E4649B934CA495991B7852B855"
"C:\Tiptorro\CHANGELOG.md.bak","0","11.09.2025 12:50:01","E3B0C44298FC1C149AFBF4C8996FB92427AE41E4649B934CA495991B7852B855"
"C:\Tiptorro\links.json","4115","11.09.2025 16:25:27","16D9E4E62EEAD3937F1C8D7CBA45424A48D785C9DD1A992C92AE217EB43A3E1D"
"C:\Tiptorro\LiveTv.txt","4064","11.09.2025 16:20:10","A15FEF595890686B63DB3396747E2C610BEBE83DFCF595703A25E2875A2E1B0B"
"C:\Tiptorro\README.md","6334","12.09.2025 00:45:01","27D99CFB8CE510300795E5E5895442AF64BE85ACAE44D74B7F5234424D2D2399"
"C:\Tiptorro\README.md.bak","6334","12.09.2025 00:45:01","27D99CFB8CE510300795E5E5895442AF64BE85ACAE44D74B7F5234424D2D2399"
"C:\Tiptorro\START-HERE.md","4346","11.09.2025 22:55:14","17A5440397835238F132C95D7C3E917BDDEB4DA467A25F7475A1486FDBC06DC7"
"C:\Tiptorro\docs\CHANGELOG.md","5474","12.09.2025 00:45:09","F5BFED5EC6BCE633EA2A2A23AB7C0B2A8C189382B72DE4892CCC61572B55A292"
"C:\Tiptorro\docs\handover-template.md","3015","11.09.2025 13:34:12","2A1C8CDDEE9F668C7041684C97AEA29EFC9FC14778B10989C69375A9D56A91B7"
"C:\Tiptorro\docs\ops-playbook.md","11816","12.09.2025 01:10:42","5F7A44E0014D1A7521671E1AC82FEC9E1C08B1C8F5D1D94D9B2E2AACE6A58695"
"C:\Tiptorro\docs\ops-playbook.md.bak","11816","12.09.2025 01:10:42","5F7A44E0014D1A7521671E1AC82FEC9E1C08B1C8F5D1D94D9B2E2AACE6A58695"
"C:\Tiptorro\docs\handover\torro-handover-bundle_2025-09-10.zip","8853","10.09.2025 15:19:09","843B44AE28A7C46899224F7EA9CF4C9BFCCE54F3C15D74DABE0B7E1A7979FF42"
"C:\Tiptorro\logs\audit_signatures_20250912_020243.csv","26740","12.09.2025 02:02:46","7E99E10DBA9FC92ACCA4CE8B818A854E0A55DD65F8A05A39993247CC28786873"
"C:\Tiptorro\logs\audit_signatures_20250912_020243.log","20676","12.09.2025 02:02:46","8736C0F1E8CD0DCE0DB5D8D0348739A6E139B3F7D3155341F2D50A107F52D9D3"
"C:\Tiptorro\logs\healthcheck_20250912_020240.log","6554","12.09.2025 02:02:42","3A7D98ADCC832B2EE97B5F697DFA344ED519C398CD56B9DE03B66C21E0D7E8FB"
"C:\Tiptorro\logs\printers_forms_OneClick_20250912_020513.log","7040","12.09.2025 02:05:18","9F4FF1A0485C71BDEC0F8A912958B49D69ABA40575D7F325801CB686CF79A642"
"C:\Tiptorro\logs\reset_20250912_0200.log","230","12.09.2025 02:00:01","76C212059CB059AA9B0CB9F26030701D26C47CA2A38809A57E53133DBB9C86C5"
"C:\Tiptorro\logs\reset_20250912_0201.log","1088","12.09.2025 02:02:00","DDC6451BFAF7AE188D6EA1969A40602036DDB3ED31DE8F5F5CE2707BA9EE47B9"
"C:\Tiptorro\packages\MoneyDevices.ps1","2401","10.09.2025 16:05:57","4DF3C00AABB3E476764D63C5E13102686909DBB37A69262FD52AD62598B3A7F2"
"C:\Tiptorro\packages\cctalk\ccDLL_Test.exe","258048","21.08.2024 08:05:36","879CF45B94BB4C21DD826DF0E95A8F76652721F6FFA4330117A0CC326891A5EC"
"C:\Tiptorro\packages\cctalk\ccTalk Devices.exe","311296","21.08.2024 08:05:34","0004D68243CB8DBCD25CE4D53BF3875DDCB8DDDBCCC641AF8837813BF07C988A"
"C:\Tiptorro\packages\cctalk\CcTalkCommLib.dll","86016","21.08.2024 08:05:34","EC5BA1101049FF2F4470D34F68637B762B3541AF5CAEB6D6202B68E21EA66966"
"C:\Tiptorro\packages\cctalk\ccTalkTest.exe","54272","21.08.2024 08:05:34","D852F97A969752EB3B6A1599E891E3700A5184E72BE6129621E50ACA84F02768"
"C:\Tiptorro\packages\cctalk\clog.log","2250","21.08.2024 08:05:34","9017E6FC4FCD92AE41E508DFA1A38919A3C03EC554B3595565EFEF7BDD95544B"
"C:\Tiptorro\packages\cctalk\settings.ini","144","21.08.2024 08:05:34","9A69B477CCAE1E169387DE2B451A724C804D9327EADF4300FEB9E0E0E729743C"
"C:\Tiptorro\packages\device-manager\DeviceManager.Host.exe","700416","29.05.2025 16:14:15","15B9CFFC4B0937E6AD602EED0486D63C186F78EC17FA7288639C14B80C1B0018"
"C:\Tiptorro\packages\device-manager\devicemanager.InstallInfo.txt","340","21.08.2024 08:05:36","2FA77C6C1FAEA004839D4F4E4116DDE4BF8084EED6C34DDDF87263C6F5C7A6A9"
"C:\Tiptorro\packages\device-manager\DeviceManager.Service.Setup.msi","2223616","21.08.2024 08:03:18","77D03AA7D9668D707AC0458C104500F1A29AF0205270B5B4BD4A636B4AFD02AC"
"C:\Tiptorro\packages\device-manager\DMHCommon.dll","50688","29.05.2025 16:14:16","9BFD2A3B9CC753BCD4C44FE0C7933A82680437243A8F2B8A54CF0729BAF276DA"
"C:\Tiptorro\packages\device-manager\setup.exe","533504","21.08.2024 08:05:36","73543459DE26E8E471B0FDAA7691BE57DB9DB20127A8EB866FD8FC2C386666D2"
"C:\Tiptorro\packages\LiveTvLinks\links.json","4115","11.09.2025 16:25:27","16D9E4E62EEAD3937F1C8D7CBA45424A48D785C9DD1A992C92AE217EB43A3E1D"
"C:\Tiptorro\packages\printers\epson\driver\Tm-T 88V\EA5Bcd0.dl_","132076","19.02.2020 06:31:45","85F999453FC96B3064A75A71EC5A1A612F9CAAB8C1E94BFEC6F5BCE6C7225D2E"
"C:\Tiptorro\packages\printers\epson\driver\Tm-T 88V\EA5BcdR0.dl_","8603","19.02.2020 06:31:45","68E5501504D77FCBADA77F92AB94E60C5E9C12A40152600FEAADB6FAC1677191"
"C:\Tiptorro\packages\printers\epson\driver\Tm-T 88V\EA5EpucInst.ex_","148734","19.02.2020 06:31:46","6A0A13D8FD0C67119B4F273B29085C2238B49056325E1135E1A6971727AECCB5"
"C:\Tiptorro\packages\printers\epson\driver\Tm-T 88V\ea5instmt88v.cat","17436","31.03.2020 02:13:24","A655F92D0D5AE23D18BDE3CFE4C05A2038F44335749CF17FE11A3D4AECFABAA0"
"C:\Tiptorro\packages\printers\epson\driver\Tm-T 88V\EA5INSTMT88V.INF","6202","06.02.2020 08:42:32","A65E581D1ABE3057F0604F9C7D1575FB85C634770A5FF5EE42995A56D58DA035"
"C:\Tiptorro\packages\printers\epson\driver\Tm-T 88V\EA5LMTM.DL_","208284","19.02.2020 06:31:47","3AD814DF08ECB812B04EBF5C30E27FBAFC16FA89AF3387599A18957E4230BB8F"
"C:\Tiptorro\packages\printers\epson\driver\Tm-T 88V\EA5LMTMT88V.dat","299","08.01.2020 01:48:55","7D27874BA32717A297E21063F4FD35C3A6D065D4371C472492C05416B178A34D"
"C:\Tiptorro\packages\printers\epson\driver\Tm-T 88V\EA5MDLTMT88V.GP_","4745","19.02.2020 06:31:43","26F59F03EB95859F10C351EC561505B0839DB981558E84360FA5021FD5C84BFE"
"C:\Tiptorro\packages\printers\epson\driver\Tm-T 88V\EA5PIITMT88V.IN_","233","19.02.2020 06:31:43","31E4E95539D9CAFDA51087872B78A88163A5E48E381E1C2499E5C0682DD6DEE5"
"C:\Tiptorro\packages\printers\epson\driver\Tm-T 88V\EA5RDPTM.DL_","255913","19.02.2020 06:31:47","7E3A4756DA28A2AAFDA804A2B6CE59D9F53DFE0831D84DF47DA86EBAAA7CE26F"
"C:\Tiptorro\packages\printers\epson\driver\Tm-T 88V\EA5RESTMT88V.DL_","128751","19.02.2020 06:31:45","0A8FCAEB204C4DFFAC1F7BBEFE1547C6BBE9F604E4DADA6267C09624CD9D7A0B"
"C:\Tiptorro\packages\printers\epson\driver\Tm-T 88V\EA5UIPTM.DL_","272337","19.02.2020 06:31:49","CCC197525526277279EF6DFC63613A3716469AFE3DF61E924E89576CBB15D40F"
"C:\Tiptorro\packages\printers\epson\driver\Tm-T88IV\APD4PrinterDriver.ini","128845","26.06.2019 10:42:22","1CBC3C30344BABA86CE45EDDCF11FCE02DE631C65326107979D690AA81A0D7C8"
"C:\Tiptorro\packages\printers\epson\driver\Tm-T88IV\EAPBcd0.dll","276480","27.10.2017 01:49:56","475B7DFE59285E22A5CC9929FA18BB05357B25D6E95012E732CF32F9BC8AF79E"
"C:\Tiptorro\packages\printers\epson\driver\Tm-T88IV\EAPBcdR0.dll","18944","27.10.2017 01:50:16","E5AAEA8C5C61752078145AEB474D6A9BBB0D0975C78E181E911D7DC8242A3F18"
"C:\Tiptorro\packages\printers\epson\driver\Tm-T88IV\EAPctled.exe","82120","24.03.2020 06:28:52","A48D1D6F84F604A9DE6FA7EE62710503AB199A6A2A0D3E79FD5C3CF96F3BDB1A"
"C:\Tiptorro\packages\printers\epson\driver\Tm-T88IV\EAPCtled0e.chm","62317","15.03.2009 17:00:00","38D07EFA84ADB7C52E09845AA0B1B8125B783A528FCB23711E852A339E46A07D"
"C:\Tiptorro\packages\printers\epson\driver\Tm-T88IV\EAPCtled0j.chm","64101","15.03.2009 17:00:00","02C9EBC43952ABABB3EE55E1AA1641D39AE0AF904A510C9144628FFAD5AE3A49"
"C:\Tiptorro\packages\printers\epson\driver\Tm-T88IV\EAPd027e.DAT","1161","23.03.2020 21:00:00","C8BDF2674F71509CEA013EBD9D99208A30C1213809F011BCE504567251A8200C"
"C:\Tiptorro\packages\printers\epson\driver\Tm-T88IV\EAPd037e.DAT","1161","23.03.2020 21:00:00","4E1ED21CF550077FD373EA2E4B0F5ACD1090E35358AE3875242E3FFA2301B7A0"
"C:\Tiptorro\packages\printers\epson\driver\Tm-T88IV\EAPd057e.DAT","1272","23.03.2020 21:00:00","FD6C206BF65A73E4C1F5A8B0DFE0B6A33702142FB4D4C6A746E92AF4BD68BF44"
"C:\Tiptorro\packages\printers\epson\driver\Tm-T88IV\EAPd067e.DAT","1272","23.03.2020 21:00:00","707774DE8F8C789F7EB28DC26BD848B9C9CCC6C5A96B4D32C4302F5D8ED89ABA"
"C:\Tiptorro\packages\printers\epson\driver\Tm-T88IV\EAPd077e.DAT","1738","23.03.2020 21:00:00","CF708BA578307BF13F05C28D6226D0380CA22E146C8B0189E70FA24817B282F4"
"C:\Tiptorro\packages\printers\epson\driver\Tm-T88IV\EAPd087e.DAT","1732","23.03.2020 21:00:00","BC2548F8FB0F41B7EBADF30D8FA34F7DD4EC0964EE3B814E355A18914A5FF357"
"C:\Tiptorro\packages\printers\epson\driver\Tm-T88IV\EAPd127e.DAT","1272","23.03.2020 21:00:00","40551A207331D03BFA8833D23B7E7F2EC9E9BC1B00479BF38AF82ABEBDE59FD4"
"C:\Tiptorro\packages\printers\epson\driver\Tm-T88IV\EAPd137e.DAT","1272","23.03.2020 21:00:00","5CA9E18B820CE5D46A7EE29AB2A29A549AAF8E00A8775E5EAACA42B3B280DF16"
"C:\Tiptorro\packages\printers\epson\driver\Tm-T88IV\EAPd217e.DAT","1601","23.03.2020 21:00:00","4208CDDF63C9616F00F36B032251DD5458C2CAFD97BB5F8FF53CAE3FAD271FB8"
"C:\Tiptorro\packages\printers\epson\driver\Tm-T88IV\EAPd217j.DAT","1600","23.03.2020 21:00:00","6A1D1DE37BACFB7C42E5818C58298E5EF5A747C9A1242AF3A7800A8960A8C1A5"
"C:\Tiptorro\packages\printers\epson\driver\Tm-T88IV\EAPd217s.DAT","1598","23.03.2020 21:00:00","8FB5B4F6743733F6CCB87B48F927E2271DA99BA68E06EBF24AEBAA3C6CB21D9F"
"C:\Tiptorro\packages\printers\epson\driver\Tm-T88IV\EAPd217t.DAT","1598","23.03.2020 21:00:00","B8D4A3EAE251CECEB87F7AFC87EBA4B029BF0E43B0A5DAE9243FB9F1191BCFA4"
"C:\Tiptorro\packages\printers\epson\driver\Tm-T88IV\EAPd227e.DAT","1077","23.03.2020 21:00:00","F63A980D2C881C0345521ABBBD2354C656EF0451DF76804D9D86B6A78F5B3EBC"
"C:\Tiptorro\packages\printers\epson\driver\Tm-T88IV\EAPd237e.DAT","1379","23.03.2020 21:00:00","27FF76DFCE3C4BAC3BE3CA776CE94B31D9975958D7F4D50B350C722535398B6E"
"C:\Tiptorro\packages\printers\epson\driver\Tm-T88IV\EAPd257e.DAT","1470","23.03.2020 21:00:00","0929861D97AF79C42B90408464E330112FB2DE60486700D2295F72C3934424EE"
"C:\Tiptorro\packages\printers\epson\driver\Tm-T88IV\EAPd267e.DAT","1506","23.03.2020 21:00:00","0A64BCC91936BE8A031677AC6AF19CC775C6E2ED4A91F737A60C30BCA0B019DA"
"C:\Tiptorro\packages\printers\epson\driver\Tm-T88IV\EAPd347e.DAT","1161","23.03.2020 21:00:00","1B158AF4B4E505F5130C5D69956543270F37368DB532DF1A063EA1447F91F277"
"C:\Tiptorro\packages\printers\epson\driver\Tm-T88IV\EAPd357e.DAT","1272","23.03.2020 21:00:00","4FD372B11F479E16A2E1D20423FEA62E76DF417552ADA1EF78070BB71897750C"
"C:\Tiptorro\packages\printers\epson\driver\Tm-T88IV\EAPd387e.DAT","1551","23.03.2020 21:00:00","D2556ED5AF23466C1C879DE9F8DE5972CBAF4E9E34EFFC16589B3A022994F105"
"C:\Tiptorro\packages\printers\epson\driver\Tm-T88IV\EAPd397e.DAT","1272","23.03.2020 21:00:00","FE3978177E1ED20FD50241D9949CAC9F5AED1197DBBD2332262B0CD27A0F13A8"
"C:\Tiptorro\packages\printers\epson\driver\Tm-T88IV\EAPd3b7e.DAT","1272","23.03.2020 21:00:00","8E219DC3B2C113E23109689B1A4A5A08D53FB52CD110BBB86FD10943C6B18A84"
"C:\Tiptorro\packages\printers\epson\driver\Tm-T88IV\EAPd3C7e.DAT","1272","23.03.2020 21:00:00","416FA7DFC98462F8612A779E6DE649CEA3D544BF41A2F11F74DEB2553E9DC81C"
"C:\Tiptorro\packages\printers\epson\driver\Tm-T88IV\EAPd3d7e.DAT","1777","23.03.2020 21:00:00","75D4D75F0E44C7D73DA31B9DB9AAE8711A015EACC8CB7EF1CC5CF97B7B0B67CB"
"C:\Tiptorro\packages\printers\epson\driver\Tm-T88IV\EAPd3d7j.DAT","1783","23.03.2020 21:00:00","4CB9FFBCAF40B51799F85D95DC1C5925C87FB038EE21BCED34752E8E068D1608"
"C:\Tiptorro\packages\printers\epson\driver\Tm-T88IV\EAPd3d7s.DAT","1776","23.03.2020 21:00:00","ABA203E5A83E669709B3A5AD05F8ED9CCA30D5E4A8297FF94719D01897C87DFA"
"C:\Tiptorro\packages\printers\epson\driver\Tm-T88IV\EAPd3d7sa.DAT","1813","23.03.2020 21:00:00","10D154E6878E8C73DE94B6558643387844E6870C1099D3CA073EBD56F8869C9D"
"C:\Tiptorro\packages\printers\epson\driver\Tm-T88IV\EAPd3d7t.DAT","1776","23.03.2020 21:00:00","346B785E34499B298AADB5429D2537DF6B9C8879A05C1ECA7A97A8D30192821D"
"C:\Tiptorro\packages\printers\epson\driver\Tm-T88IV\EAPd3e7e.DAT","1772","23.03.2020 21:00:00","53F0909E5514C09D437D661B97C9D87E9F3EBAA496095DF95D6DED86A3B9FF52"
"C:\Tiptorro\packages\printers\epson\driver\Tm-T88IV\EAPd3e7j.DAT","1776","23.03.2020 21:00:00","14D58B8B6A433D4737C934EF33DB2DC6ADAA3F171811A0EEEC4760599C7B89F8"
"C:\Tiptorro\packages\printers\epson\driver\Tm-T88IV\EAPd427e.DAT","1077","23.03.2020 21:00:00","2AD77E8B04AA067274283CF61963BF1AF583A84224044E7788014067620A7133"
"C:\Tiptorro\packages\printers\epson\driver\Tm-T88IV\EAPd437e.DAT","1077","23.03.2020 21:00:00","A92CF8C342A0D5799A8E7B713CE19797D12C98F4E98D4AF5520518C6D78F8016"
"C:\Tiptorro\packages\printers\epson\driver\Tm-T88IV\EAPd447e.DAT","1075","23.03.2020 21:00:00","CF414E9C1CC148641B0914FD22963AAC8B19AAB2385BE7AF891914E979914B74"
"C:\Tiptorro\packages\printers\epson\driver\Tm-T88IV\EAPd457e.DAT","1077","23.03.2020 21:00:00","39A39AFB813CE8FC8351FABE4AB20F5CEEDB48DED825C0B5E0A44BCF714188F9"
"C:\Tiptorro\packages\printers\epson\driver\Tm-T88IV\EAPd467e.DAT","1251","23.03.2020 21:00:00","845A19952ACCEBF53FE8C69E2416E10EC02A393A1DF96C545697F221BA240BAA"
"C:\Tiptorro\packages\printers\epson\driver\Tm-T88IV\EAPd477e.DAT","1077","23.03.2020 21:00:00","64BA79EB7D09B8CECF3D89A47BD33253B213DE8843FEB2BA5F39C63454423D7F"
"C:\Tiptorro\packages\printers\epson\driver\Tm-T88IV\EAPd487e.DAT","1529","23.03.2020 21:00:00","BF5BA14F666C55856C2EE45EA6458E6D82767B08A121E0A86F11894A7AF3A402"
"C:\Tiptorro\packages\printers\epson\driver\Tm-T88IV\EAPd497e.DAT","1251","23.03.2020 21:00:00","C616621562C09E4477692DC8BD781D2346B8DCBE7C5C20659C545ACC2FA22A6E"
"C:\Tiptorro\packages\printers\epson\driver\Tm-T88IV\EAPd4a7e.DAT","1077","23.03.2020 21:00:00","5181F773D159080F0A4C74BADA7783D630A37057089CA530B3257BA6B15AE352"
"C:\Tiptorro\packages\printers\epson\driver\Tm-T88IV\EAPd4C7e.DAT","1272","23.03.2020 21:00:00","482974210410B24B014926B889E30963C05E41C65F2C502EF14E496F789E39FA"
"C:\Tiptorro\packages\printers\epson\driver\Tm-T88IV\EAPd4d7e.dat","1167","23.03.2020 21:00:00","4D4325938ECC44E09AA2DB38050875759F1B9AA0ADD21266671E9E194B703AEC"
"C:\Tiptorro\packages\printers\epson\driver\Tm-T88IV\EAPd637e.DAT","1272","23.03.2020 21:00:00","62CB2350EE6F70595A138D8F125FBC8CD7CC46F00E56E456C48633CA6562CB3C"
"C:\Tiptorro\packages\printers\epson\driver\Tm-T88IV\EAPd647e.DAT","1606","23.03.2020 21:00:00","115E75ECBC46E38A959ED656CEF3C47077E70761BF3619F4EBFAE961D0AC8DDF"
"C:\Tiptorro\packages\printers\epson\driver\Tm-T88IV\EAPd647j.DAT","1614","23.03.2020 21:00:00","44E7D8E614F7F2C5F6A138BF3C06C9EECEF0A5B13A03E8F13AC270A10C861B9D"
"C:\Tiptorro\packages\printers\epson\driver\Tm-T88IV\EAPd647s.DAT","1605","23.03.2020 21:00:00","0305AA852359FED48F7D0EF475930C6FCCEBD0DB356033B964BDE6CDC6A5CCCE"
"C:\Tiptorro\packages\printers\epson\driver\Tm-T88IV\EAPd647t.DAT","1605","23.03.2020 21:00:00","82905B75E16B6100DB881C8324486C9C38D1917B80C8D3B9A8D153C508DBAE64"
"C:\Tiptorro\packages\printers\epson\driver\Tm-T88IV\EAPd717e.DAT","1272","23.03.2020 21:00:00","03B39053779AD2DCBD9F27F04F24BF0748F1FF1EAE0AD0BC8011B3063BFDBDFE"
"C:\Tiptorro\packages\printers\epson\driver\Tm-T88IV\EAPd727e.DAT","1272","23.03.2020 21:00:00","78224D3F35AC5F528197E468E356A660E212188978323DE3F3FCF8843BA9883A"
"C:\Tiptorro\packages\printers\epson\driver\Tm-T88IV\EAPd737e.DAT","1272","23.03.2020 21:00:00","8C0A2B886A0385A38F154DA9D7C5785BF667228FDCA8216E77DE061EB3D43A9F"
"C:\Tiptorro\packages\printers\epson\driver\Tm-T88IV\EAPd747e.DAT","1514","23.03.2020 21:00:00","EC9B3BA1428358D49F4EC90AA3CF83BA1AF21465D00919C924A3E25709F656C8"
"C:\Tiptorro\packages\printers\epson\driver\Tm-T88IV\EAPd747j.DAT","1513","23.03.2020 21:00:00","16CCFE7F802FEEC68CAB6BCFBAB6A1DFC3366BEEC5FA21E556DB7DD282466F8C"
"C:\Tiptorro\packages\printers\epson\driver\Tm-T88IV\EAPd817e.DAT","1274","23.03.2020 21:00:00","5AF41D92C709BC35A4C0AD94B6A1DBBE1D864F6AAF6D38583832DC2072B8629C"
"C:\Tiptorro\packages\printers\epson\driver\Tm-T88IV\EAPd837e.DAT","1274","23.03.2020 21:00:00","94D4AD44EABFEECB584F0C48F0022EE7FA7812FBBB0E0E2BF7509CA502E7C4E6"
"C:\Tiptorro\packages\printers\epson\driver\Tm-T88IV\EAPd857e.DAT","1274","23.03.2020 21:00:00","64A8DE641D77A53A46021655837847D3587703D269A281C48CDB3B7E8B06EEF1"
"C:\Tiptorro\packages\printers\epson\driver\Tm-T88IV\EAPd917e.DAT","1320","23.03.2020 21:00:00","F284398021000D06B34746605C9ED953E2A2B815550CD286B31BFA785C0EF1E9"
"C:\Tiptorro\packages\printers\epson\driver\Tm-T88IV\EAPdA07e.DAT","1515","23.03.2020 21:00:00","830E55A9F290DF3416FC3E5D27229057017BC8AB1325B7EF1BA7DD837FBD4EE2"
"C:\Tiptorro\packages\printers\epson\driver\Tm-T88IV\EAPdA17e.DAT","1265","23.03.2020 21:00:00","DECB8AD00A348FCB80BA6B524F27579AF51F829F557BABBAC981729FB5D8B8B7"
"C:\Tiptorro\packages\printers\epson\driver\Tm-T88IV\EAPdA17j.DAT","1357","23.03.2020 21:00:00","3ECC9BFCA3A04CDF0482949D1A1F5AEFB903F4B74D45051C40CC1B320511ED80"
"C:\Tiptorro\packages\printers\epson\driver\Tm-T88IV\EAPdAB7e.DAT","1167","23.03.2020 21:00:00","715FC90412E653C31223A9D646E10AF54E02C8EEC34BCB5C56ECE19A158BE0F2"
"C:\Tiptorro\packages\printers\epson\driver\Tm-T88IV\EAPdmsg0.exe","44032","24.03.2020 02:20:16","58C6D6F2CF794C14B4FB09D9004E0DE1928F2A2DFE552AB4AA45AB23E5E47C40"
"C:\Tiptorro\packages\printers\epson\driver\Tm-T88IV\EAPDMSG00.EXE","148992","15.03.2009 17:00:00","97B8014814A0FC95A158FE573F84A885AD137383BC59700B55628046C26893B5"
"C:\Tiptorro\packages\printers\epson\driver\Tm-T88IV\EAPdpc0.DLL","270848","24.03.2020 02:20:36","B0F4433D601F23B312D1B89CE83F8B207EDC9F58AAF3DEFEF0558E20FE18A40C"
"C:\Tiptorro\packages\printers\epson\driver\Tm-T88IV\EAPDRV03X.CFG","1134","01.12.2009 17:00:00","5241238703DF27D1D402C4AE327DFEFCA43443CD2FB2478F2CD639246217090B"
"C:\Tiptorro\packages\printers\epson\driver\Tm-T88IV\EAPDRV03X.DAT","1316","01.12.2009 17:00:00","177E8ACB50BBA473BF0635CB8851F8960130527060275B1F55294C1C69CAAE96"
"C:\Tiptorro\packages\printers\epson\driver\Tm-T88IV\EAPDRV03X.VIF","2184","15.03.2009 17:00:00","405C44687A6793BEFBCED809D9D7F73EC636F28E1CC81B2D3BCADA3139E2A8D9"
"C:\Tiptorro\packages\printers\epson\driver\Tm-T88IV\EAPDSP03X.DLL","68608","14.11.2013 01:08:46","D89B9513684C2F80F21CD4459BF6CB935FE74AFE6C4C3436ACA14BD6BB602E67"
"C:\Tiptorro\packages\printers\epson\driver\Tm-T88IV\EAPHLP0.chm","85989","24.02.2010 17:00:00","A9D57618C15ADA668D45B81D101571FC3FFFA92CA5743E959713EACFB382A47F"
"C:\Tiptorro\packages\printers\epson\driver\Tm-T88IV\EAPHLP0CSYEndorse.chm","83213","24.02.2010 17:00:00","738A98757CD80C6D0784ED0A7B52C168923B1C5E4E50CBD8D4FF48B3DE3284E5"
"C:\Tiptorro\packages\printers\epson\driver\Tm-T88IV\EAPHLP0CSYImpact.chm","61568","24.02.2010 17:00:00","D06083FAAD70F7A38965090BEED22E0B0058504D928413272B738B4321D948A6"
"C:\Tiptorro\packages\printers\epson\driver\Tm-T88IV\EAPHLP0CSYInk.chm","86781","24.02.2010 17:00:00","A66E08CEB2AAA7531EF0DF52CD51E8737284A7E2E3229C2C7B3B8FF1D2A5529B"
"C:\Tiptorro\packages\printers\epson\driver\Tm-T88IV\EAPHLP0CSYLabel.chm","88151","24.02.2010 17:00:00","1D2726A1D41CAE5CC52CC3DD31A4148A94CA6BC5048EDAFCE669E1681FC4612D"
"C:\Tiptorro\packages\printers\epson\driver\Tm-T88IV\EAPHLP0CSYSlip.chm","62928","24.02.2010 17:00:00","4707C02FF4297B1B3A4C81F879B1A6333FAB1790833B2DF235DF7E4301CE24AE"
"C:\Tiptorro\packages\printers\epson\driver\Tm-T88IV\EAPHLP0CSYSlipRotate.chm","50018","24.02.2010 17:00:00","38EE8B9DD23F924B8E2D01AFAB8F4DA67212C9150FB34F238AD35F2531DC922E"
"C:\Tiptorro\packages\printers\epson\driver\Tm-T88IV\EAPHLP0CSYThermal.chm","88437","24.02.2010 17:00:00","6B00B23FC44CCD189F089C3A154C575630BF4578097006AF35BA6ABB11C41A10"
"C:\Tiptorro\packages\printers\epson\driver\Tm-T88IV\EAPHLP0CSYValidation.chm","63250","24.02.2010 17:00:00","1F5A6827A0E17F33D26EB91E3EBB4BFDE955072DB473B34A8F7D74394DE9579A"
"C:\Tiptorro\packages\printers\epson\driver\Tm-T88IV\EAPHLP0DANEndorse.chm","79871","24.02.2010 17:00:00","15D97BF508B3435CF7BB8C638EEA0D8DEF9D3A8C7920736C635C5C1222C9F1CD"
"C:\Tiptorro\packages\printers\epson\driver\Tm-T88IV\EAPHLP0DANImpact.chm","58794","24.02.2010 17:00:00","5D751CB228E351E0EA82E876C90B42FBD58FE465F1D16A0B4F72FD89E72E1663"
"C:\Tiptorro\packages\printers\epson\driver\Tm-T88IV\EAPHLP0DANInk.chm","82165","24.02.2010 17:00:00","5CF169CB2548F2A030480DF78D3ABCBC9C7303B8B03AB74AFB96E31ECA8DF5D6"
"C:\Tiptorro\packages\printers\epson\driver\Tm-T88IV\EAPHLP0DANLabel.chm","85087","24.02.2010 17:00:00","99A4D091C2E615390F810C871D19A90F223FB07495C208ECCBC3E62DFB3A31A1"
"C:\Tiptorro\packages\printers\epson\driver\Tm-T88IV\EAPHLP0DANSlip.chm","61238","24.02.2010 17:00:00","43C54B5E1EBB78EA2ED403B29D4564B9B061F8E3B4ECDF03F890F6334324F900"
"C:\Tiptorro\packages\printers\epson\driver\Tm-T88IV\EAPHLP0DANSlipRotate.chm","47890","24.02.2010 17:00:00","FFAD4B142C38779E3CF106ABB3CD43F0327D6D3FABB2B8A79D3F95F86D1CED0D"
"C:\Tiptorro\packages\printers\epson\driver\Tm-T88IV\EAPHLP0DANThermal.chm","91731","24.02.2010 17:00:00","22A3146B3F4A505A8A8F85040F848552FD6837190699C3FA8DC1B0BD70CD9116"
"C:\Tiptorro\packages\printers\epson\driver\Tm-T88IV\EAPHLP0DANValidation.chm","62030","24.02.2010 17:00:00","3379EF14AB9300475980674F59B05929C24EB9ECE5078A225799573882143C87"
"C:\Tiptorro\packages\printers\epson\driver\Tm-T88IV\EAPHLP0DEUEndorse.chm","82075","24.02.2010 17:00:00","9A560AE2F64E6AD9B509717FDDE9738623FF69F630B20BAF35AE17403A0B6EDA"
"C:\Tiptorro\packages\printers\epson\driver\Tm-T88IV\EAPHLP0DEUImpact.chm","61402","24.02.2010 17:00:00","AE748C48848372080312E69F643A6229E8F304DF8D192E72CE25E3B493854E8E"
"C:\Tiptorro\packages\printers\epson\driver\Tm-T88IV\EAPHLP0DEUInk.chm","87319","24.02.2010 17:00:00","8237B45E4BD02CF85350389C426AD5B346C3256F49F219E2CA3C1648055DED8B"
"C:\Tiptorro\packages\printers\epson\driver\Tm-T88IV\EAPHLP0DEULabel.chm","87957","24.02.2010 17:00:00","1CD4F3C15C57F8E4A166496BE97CE6990D20A5E05D9DF59C11EFDFE6B5D70E3B"
"C:\Tiptorro\packages\printers\epson\driver\Tm-T88IV\EAPHLP0DEUSlip.chm","64318","24.02.2010 17:00:00","B5E6DD29EBD5022ECC64C5C6845D6E144A954E62AC7713A8686656843C329D0A"
"C:\Tiptorro\packages\printers\epson\driver\Tm-T88IV\EAPHLP0DEUSlipRotate.chm","50550","24.02.2010 17:00:00","488FF6FA7B2AA4C1878ACD7C3938184F7562480566361F27F0D23DF7443A1254"
"C:\Tiptorro\packages\printers\epson\driver\Tm-T88IV\EAPHLP0DEUThermal.chm","96767","24.02.2010 17:00:00","04228FCC916097AF9D53C1E3AD690E8A76FBE43D4AD816801876581C6B317C89"
"C:\Tiptorro\packages\printers\epson\driver\Tm-T88IV\EAPHLP0DEUValidation.chm","64954","24.02.2010 17:00:00","BBDA48A6A07BE5C15D6120FBA10ACF8CF29EC82AE2CB3D8676E4E6769DFE3F87"
"C:\Tiptorro\packages\printers\epson\driver\Tm-T88IV\EAPHLP0EEndorse.chm","76647","24.02.2010 17:00:00","F6999145C8B9C438D8A39B868BAACF2EB60CE199917DEBCBBD2CE5A97C27A098"
"C:\Tiptorro\packages\printers\epson\driver\Tm-T88IV\EAPHLP0EImpact.chm","56000","24.02.2010 17:00:00","F6587B5E92B1396AA712D1940FDEB4C8CEA3EC6F12BE3A73EF4EA3266FAB099F"
"C:\Tiptorro\packages\printers\epson\driver\Tm-T88IV\EAPHLP0EInk.chm","78525","24.02.2010 17:00:00","0B3C558462E62A87D30EBA1DE9F81C4FE3861C8214F803F7A5C788516D8A0E88"
"C:\Tiptorro\packages\printers\epson\driver\Tm-T88IV\EAPHLP0ELabel.chm","80503","24.02.2010 17:00:00","304600C4D1F3039C47925EDE15F466082FF290E2A94A8851A84FCBD3DD91CA4F"
"C:\Tiptorro\packages\printers\epson\driver\Tm-T88IV\EAPHLP0ESFEndorse.chm","78477","24.02.2010 17:00:00","985BA72D7BCED7F8C6385D99F39EC59C673CE0003F05C39BF1C964A2AA50EAB2"
"C:\Tiptorro\packages\printers\epson\driver\Tm-T88IV\EAPHLP0ESFImpact.chm","58270","24.02.2010 17:00:00","5A3AC932EDFB8C1E1632561C77956EF76A91A726EECE050D839F696C70967082"
"C:\Tiptorro\packages\printers\epson\driver\Tm-T88IV\EAPHLP0ESFInk.chm","83017","24.02.2010 17:00:00","EEB91762336A3AB1FDB9D5E11D2536F5AEFA25DEE4FCAF2ED10D246237EAF8CD"
"C:\Tiptorro\packages\printers\epson\driver\Tm-T88IV\EAPHLP0ESFLabel.chm","83749","24.02.2010 17:00:00","0F1ACD1BEBA93E5B7F175957DBD9B38A21AFFA92E5C82C36A3C5FA79943D0D2B"
"C:\Tiptorro\packages\printers\epson\driver\Tm-T88IV\EAPHLP0ESFSlip.chm","61324","24.02.2010 17:00:00","82EB61046D7A913213D6CE043490F8ADB26B292A2FDEB6FC4F1E1E49C1D8417B"
"C:\Tiptorro\packages\printers\epson\driver\Tm-T88IV\EAPHLP0ESFSlipRotate.chm","48438","24.02.2010 17:00:00","C401858C2E81AB32E8B950D1A7F8DFAD3D9AFD286AD6F848691C9ED5E6965A49"
"C:\Tiptorro\packages\printers\epson\driver\Tm-T88IV\EAPHLP0ESFThermal.chm","91441","24.02.2010 17:00:00","C6999C4732E4C24DE6743CA7CF723BF0C5323A391D391AB8BBC784C2571E1774"
"C:\Tiptorro\packages\printers\epson\driver\Tm-T88IV\EAPHLP0ESFValidation.chm","61848","24.02.2010 17:00:00","478B5FD3C9E5A75ED34C01D1FCD6678475DA58BF371E24CA953AC94E9CF0A365"
"C:\Tiptorro\packages\printers\epson\driver\Tm-T88IV\EAPHLP0ESlip.chm","58176","24.02.2010 17:00:00","1FA707AC2CE0B4CF27F6420FC5506B4D9EC568FFC045D55475E7F529BDDAE70C"
"C:\Tiptorro\packages\printers\epson\driver\Tm-T88IV\EAPHLP0ESlipRotate.chm","45680","24.02.2010 17:00:00","406D26F63255560698BC3062EA7EBA5439BD60E1D972D96222B771AA4236988C"
"C:\Tiptorro\packages\printers\epson\driver\Tm-T88IV\EAPHLP0EThermal.chm","85989","24.02.2010 17:00:00","A9D57618C15ADA668D45B81D101571FC3FFFA92CA5743E959713EACFB382A47F"
"C:\Tiptorro\packages\printers\epson\driver\Tm-T88IV\EAPHLP0EValidation.chm","59130","24.02.2010 17:00:00","E70059870F7BB16CF96F4BA693CB580969F9896FCC2BA3781BDCF9F1738514BE"
"C:\Tiptorro\packages\printers\epson\driver\Tm-T88IV\EAPHLP0FINEndorse.chm","76938","24.02.2010 17:00:00","D8709558CBFF1FE8B8652233FAFE493F5D25CC44EF3DF664712112AB6850B056"
"C:\Tiptorro\packages\printers\epson\driver\Tm-T88IV\EAPHLP0FINImpact.chm","57079","24.02.2010 17:00:00","E56EE8649F9689965710C1757B667E99AAFCD5D6AD8AC820C0200F7A3BE9BDBA"
"C:\Tiptorro\packages\printers\epson\driver\Tm-T88IV\EAPHLP0FINInk.chm","80924","24.02.2010 17:00:00","1903FC73CA940FAFB28D53749F0621DD7CACCA402AABD6C5AEDB9D8629E3AD4F"
"C:\Tiptorro\packages\printers\epson\driver\Tm-T88IV\EAPHLP0FINLabel.chm","82528","24.02.2010 17:00:00","37ABCCC4100399C97FD023514575EEB70DF306FAD84693CED8FD36EA5DA0C2AF"
"C:\Tiptorro\packages\printers\epson\driver\Tm-T88IV\EAPHLP0FINSlip.chm","59629","24.02.2010 17:00:00","68BCFE33DD0E249541E739AE45AAF71E2D38B1D14792E926278BEB64B6B45B66"
"C:\Tiptorro\packages\printers\epson\driver\Tm-T88IV\EAPHLP0FINSlipRotate.chm","46993","24.02.2010 17:00:00","CC2235150FE32672A661951B8CE05F69F59A60966E9A387825126D5E5F9AA99C"
"C:\Tiptorro\packages\printers\epson\driver\Tm-T88IV\EAPHLP0FINThermal.chm","89612","24.02.2010 17:00:00","BC5740A7F3FE91D0E0BAD3AA0111CC3CDFECAD0D37A78E95663ECBC0ADCFA9B0"
"C:\Tiptorro\packages\printers\epson\driver\Tm-T88IV\EAPHLP0FINValidation.chm","60001","24.02.2010 17:00:00","7449A78B98A131B0D1232CEC6573C0E5888E1C69CF495B1F20F2389DD0894FC3"
"C:\Tiptorro\packages\printers\epson\driver\Tm-T88IV\EAPHLP0FRAEndorse.chm","81451","24.02.2010 17:00:00","6061B295224D1A5B3AE1EB5B537B3D6B47213014BF5583BC86AAC2A0B9ED462D"
"C:\Tiptorro\packages\printers\epson\driver\Tm-T88IV\EAPHLP0FRAImpact.chm","60994","24.02.2010 17:00:00","C3904DCE95D64D04E0CD0E973BB6B1958B9C02B6E6E98CEB568D9C867F9C3A16"
"C:\Tiptorro\packages\printers\epson\driver\Tm-T88IV\EAPHLP0FRAInk.chm","86183","24.02.2010 17:00:00","3C95E49DB8BC36E353BAC063C138825FD2533889303DAF830623CAE8EDD743A5"
"C:\Tiptorro\packages\printers\epson\driver\Tm-T88IV\EAPHLP0FRALabel.chm","86725","24.02.2010 17:00:00","E6AF0BD5B04032E665129B2F31649562D0E10E9789B9959D62BFAFED83E7EE00"
"C:\Tiptorro\packages\printers\epson\driver\Tm-T88IV\EAPHLP0FRASlip.chm","63292","24.02.2010 17:00:00","0EC6BDBE2B0E7EA1EF8295E94B459E79C2487B25AD3AAA80BCD756DE29ACDDE6"
"C:\Tiptorro\packages\printers\epson\driver\Tm-T88IV\EAPHLP0FRASlipRotate.chm","50124","24.02.2010 17:00:00","71C94ED8BB3EE1251A31F14C2CD2B7A55475F896A3379BBF4F8ACC3654C8A478"
"C:\Tiptorro\packages\printers\epson\driver\Tm-T88IV\EAPHLP0FRAThermal.chm","95219","24.02.2010 17:00:00","CCCA9AC1C3E8B31DA6378898AE4CACD97079A38D6C22C84DBED7458442CDD6FA"
"C:\Tiptorro\packages\printers\epson\driver\Tm-T88IV\EAPHLP0FRAValidation.chm","63070","24.02.2010 17:00:00","8F3545A0C1486AA014B5AD533B67790435E55A23898660B14A7DC0FDEDD47C47"
"C:\Tiptorro\packages\printers\epson\driver\Tm-T88IV\EAPHLP0HRVEndorse.chm","80202","24.02.2010 17:00:00","D82E4BD4F5929B02FE030E07A7330577E5F950CD32671DE4F9A6A1D21B5542B4"
"C:\Tiptorro\packages\printers\epson\driver\Tm-T88IV\EAPHLP0HRVImpact.chm","58881","24.02.2010 17:00:00","FCFC3551020F0921B40C81AFE73218034896A7DFC4854A6AA54F670CD457199D"
"C:\Tiptorro\packages\printers\epson\driver\Tm-T88IV\EAPHLP0HRVInk.chm","82124","24.02.2010 17:00:00","C40F65621D297CF3752B248B62E3015F52F7246548E59A3393025192349A4F0D"
"C:\Tiptorro\packages\printers\epson\driver\Tm-T88IV\EAPHLP0HRVLabel.chm","84450","24.02.2010 17:00:00","EC22AE7E492F343AFBEC61EC0312AF1CEC40D35511128E3F1AAB99E812D44EED"
"C:\Tiptorro\packages\printers\epson\driver\Tm-T88IV\EAPHLP0HRVSlip.chm","61287","24.02.2010 17:00:00","355E7FC5A43CE569D85434347FF68D95824F68F9ECADB7CF487FE6CBBCA3B791"
"C:\Tiptorro\packages\printers\epson\driver\Tm-T88IV\EAPHLP0HRVSlipRotate.chm","47707","24.02.2010 17:00:00","2D496E98653267A06CE566FDB30B9315AC06A860F570919548BBED3965DE9487"
"C:\Tiptorro\packages\printers\epson\driver\Tm-T88IV\EAPHLP0HRVThermal.chm","90220","24.02.2010 17:00:00","92A40C15CCC2D417FB8B2B78473E9C6E70178B7462C89F9E0B24748802E9DA57"
"C:\Tiptorro\packages\printers\epson\driver\Tm-T88IV\EAPHLP0HRVValidation.chm","62109","24.02.2010 17:00:00","6B1C41B486979696D1C20E599424DF1EC4802EED2FD385492C806A88722214CC"
"C:\Tiptorro\packages\printers\epson\driver\Tm-T88IV\EAPHLP0HUNEndorse.chm","84263","24.02.2010 17:00:00","01A3F2C2427D6BF1994C6A747785AE628E76EDA9F89DCBC640109CD042D09E90"
"C:\Tiptorro\packages\printers\epson\driver\Tm-T88IV\EAPHLP0HUNImpact.chm","62552","24.02.2010 17:00:00","BDA905996A3C3495B487B2EB81401C79B0A592DA44B25DC3E9D2D538624D0231"
"C:\Tiptorro\packages\printers\epson\driver\Tm-T88IV\EAPHLP0HUNInk.chm","89001","24.02.2010 17:00:00","20A23AC003B1765B16EF77F56EB126EA16EB057A619A2267B88E99F17854EB79"
"C:\Tiptorro\packages\printers\epson\driver\Tm-T88IV\EAPHLP0HUNLabel.chm","90479","24.02.2010 17:00:00","F4CA26D3C2C740D16AE431FDBE90018A7114E5E9B9B0D814827B2C24DE683E44"
"C:\Tiptorro\packages\printers\epson\driver\Tm-T88IV\EAPHLP0HUNSlip.chm","64678","24.02.2010 17:00:00","53AE7B6AD7F2958D7030DBFBD7D497EAF5AC6AE38E777B8984511B287ED8247B"
"C:\Tiptorro\packages\printers\epson\driver\Tm-T88IV\EAPHLP0HUNSlipRotate.chm","50354","24.02.2010 17:00:00","1C3F112821678A6D20B0F0A17D05F0787E00BBCC0936415F811FFD80D47873A5"
"C:\Tiptorro\packages\printers\epson\driver\Tm-T88IV\EAPHLP0HUNThermal.chm","98839","24.02.2010 17:00:00","731ADBA526E02C9152C37314802ABF689E487575121957B7BBFA2DF5D3151777"
"C:\Tiptorro\packages\printers\epson\driver\Tm-T88IV\EAPHLP0HUNValidation.chm","66260","24.02.2010 17:00:00","57A07C34170820845A58CA0C13D837F2D577BB3D036C6D71049CB2AE9265EC3C"
"C:\Tiptorro\packages\printers\epson\driver\Tm-T88IV\EAPHLP0ITAEndorse.chm","80831","24.02.2010 17:00:00","F2919D167245AADACF86CCCA2F310729261C2424965D30868405CB9ED0D65970"
"C:\Tiptorro\packages\printers\epson\driver\Tm-T88IV\EAPHLP0ITAImpact.chm","59342","24.02.2010 17:00:00","74F5F32F57989AFFCC25AEC8F53B20C8BB5FBCC107F37A8EEFDD09202F08D009"
"C:\Tiptorro\packages\printers\epson\driver\Tm-T88IV\EAPHLP0ITAInk.chm","84129","24.02.2010 17:00:00","9C9ECCBF33214F1CF943C54A5C2E019F08E216AC6283B127D53FBD41EB1B27BB"
"C:\Tiptorro\packages\printers\epson\driver\Tm-T88IV\EAPHLP0ITALabel.chm","85355","24.02.2010 17:00:00","E662434140D96FDE4B5E4C23B2341CF60B82B3D1DF522E0D55FF8DE48CEDDCB0"
"C:\Tiptorro\packages\printers\epson\driver\Tm-T88IV\EAPHLP0ITASlip.chm","62368","24.02.2010 17:00:00","502A8E6EE9B1A93615EDF3F3F30D3F7E8112B8F678516F79BB70396ED6A9AAF5"
"C:\Tiptorro\packages\printers\epson\driver\Tm-T88IV\EAPHLP0ITASlipRotate.chm","49222","24.02.2010 17:00:00","F85A905CD859026ECF11F492FC0D209975BDD4AB1A436AE34B80B20594682E98"
"C:\Tiptorro\packages\printers\epson\driver\Tm-T88IV\EAPHLP0ITAThermal.chm","93577","24.02.2010 17:00:00","AD5BCAFC3C0F52C0D2274C8979C401DC05994FBE2B1855A48C809DD25C0D36E0"
"C:\Tiptorro\packages\printers\epson\driver\Tm-T88IV\EAPHLP0ITAValidation.chm","63060","24.02.2010 17:00:00","6D22C0DDA526978BC4C9C4DD28CCF13205BD14EECB3C1F929142CFE19020C786"
"C:\Tiptorro\packages\printers\epson\driver\Tm-T88IV\EAPHLP0JEndorse.chm","87943","24.02.2010 17:00:00","5712D566746ADAC8B1128C8BEE21C953556268B6DD0A9DD56AA8B29F53C10D1D"
"C:\Tiptorro\packages\printers\epson\driver\Tm-T88IV\EAPHLP0JImpact.chm","65228","24.02.2010 17:00:00","CC4A8737FC172FCDDED2A1CD47D5A67A28EE4F33EDB8A3A37F6BEF893A2A7B79"
"C:\Tiptorro\packages\printers\epson\driver\Tm-T88IV\EAPHLP0JInk.chm","77845","24.02.2010 17:00:00","43F8E2E5ACDC1483EA56A49D6338F902F6E19E9DF88C6E6108021DEDA4457B05"
"C:\Tiptorro\packages\printers\epson\driver\Tm-T88IV\EAPHLP0JLabel.chm","94323","24.02.2010 17:00:00","9F7BE5CD97B4786A38DBE6D31CCD23D987D69AACE929C7C916AF66ACCFA6FB60"
"C:\Tiptorro\packages\printers\epson\driver\Tm-T88IV\EAPHLP0JSlip.chm","67054","24.02.2010 17:00:00","5AA0512E3C610EB5F6E149F53DDC85E1FE8A9D78E6CAEC5BB205D3C28B875AC3"
"C:\Tiptorro\packages\printers\epson\driver\Tm-T88IV\EAPHLP0JSlipRotate.chm","50706","24.02.2010 17:00:00","21011391226A93FCD647E12A017A46EC93F1EFBC7C57A40BE5A378FEF9CD6F4A"
"C:\Tiptorro\packages\printers\epson\driver\Tm-T88IV\EAPHLP0JThermal.chm","101161","24.02.2010 17:00:00","5DD479690F83F996D6DE5DF23DCCCE990DBCEB1EF16EF614F365C239B0DF64E5"
"C:\Tiptorro\packages\printers\epson\driver\Tm-T88IV\EAPHLP0JValidation.chm","68274","24.02.2010 17:00:00","B3E28FB6B04827802E812C5792A6E5CDCB6855F9BF4BA259A56B33DB49607610"
"C:\Tiptorro\packages\printers\epson\driver\Tm-T88IV\EAPHLP0KOREndorse.chm","89346","24.02.2010 17:00:00","BC0E6180DB3B5255EE217C9F3EF265776AC1F10DBA722A90F05B8A9E68F4C147"
"C:\Tiptorro\packages\printers\epson\driver\Tm-T88IV\EAPHLP0KORImpact.chm","65093","24.02.2010 17:00:00","ADB55BA17E5AAAFB9C8F83419B0CF93C534536A8AF2C13460E66E9B576D80C98"
"C:\Tiptorro\packages\printers\epson\driver\Tm-T88IV\EAPHLP0KORInk.chm","91342","24.02.2010 17:00:00","DB1430879220498D44372AD212A0CD9E01C843687E3ACEF75599E5BB07409EFB"
"C:\Tiptorro\packages\printers\epson\driver\Tm-T88IV\EAPHLP0KORLabel.chm","95276","24.02.2010 17:00:00","B587616406E1E3FC794F7E41D5C318BA28995905EE7BA00E411C4E1839B1F4BA"
"C:\Tiptorro\packages\printers\epson\driver\Tm-T88IV\EAPHLP0KORSlip.chm","68373","24.02.2010 17:00:00","A701B6DAAEC3CDBFD0DA48A8E96575BF5A340445234130B9B1BCA1471EB575F5"
"C:\Tiptorro\packages\printers\epson\driver\Tm-T88IV\EAPHLP0KORSlipRotate.chm","52025","24.02.2010 17:00:00","F3CB94496B553903DAF744C3CFA501DD9964F3D2BFC47E240F86D4A0B96F63D5"
"C:\Tiptorro\packages\printers\epson\driver\Tm-T88IV\EAPHLP0KORThermal.chm","103192","24.02.2010 17:00:00","CBDBF7DCC7C9F8C95FCB0B68D0C5B011F4ABD0744EBC189F5254ADE45BB6A012"
"C:\Tiptorro\packages\printers\epson\driver\Tm-T88IV\EAPHLP0KORValidation.chm","68991","24.02.2010 17:00:00","7F71FA63C5AFEDE5FC2B2D93720C0D6824A84E881C04FFFF34B32338ED4DB608"
"C:\Tiptorro\packages\printers\epson\driver\Tm-T88IV\EAPHLP0NLDEndorse.chm","81268","24.02.2010 17:00:00","438849F40D9FB5C27D4DA9BC26CE748EA58AE2A2A831AF1157D985913560F7CA"
"C:\Tiptorro\packages\printers\epson\driver\Tm-T88IV\EAPHLP0NLDImpact.chm","60851","24.02.2010 17:00:00","B0D9F78295254503B1B7B8F5E5C2CA00F3686C0C2A81D9738C2D8FB387CE4EC6"
"C:\Tiptorro\packages\printers\epson\driver\Tm-T88IV\EAPHLP0NLDInk.chm","85126","24.02.2010 17:00:00","31319FC6BB8ADE2644D5FC1FD3C931DCCFB23414001BC41144B8EC663F8BDDB5"
"C:\Tiptorro\packages\printers\epson\driver\Tm-T88IV\EAPHLP0NLDLabel.chm","86862","24.02.2010 17:00:00","AFFE7A96AD8A7E29E355906E1BCEB39640D98E6926D7D8235089F8D43F7506F8"
"C:\Tiptorro\packages\printers\epson\driver\Tm-T88IV\EAPHLP0NLDSlip.chm","63247","24.02.2010 17:00:00","66A57FA107805FF7B6593B35F9C313BB7E359F04AAC6B30F0826EBAA0E109D98"
"C:\Tiptorro\packages\printers\epson\driver\Tm-T88IV\EAPHLP0NLDSlipRotate.chm","49851","24.02.2010 17:00:00","DADE5A570137259CA7C287CC6D7836527C4896FDD39D17B70C741D68C34D6EF2"
"C:\Tiptorro\packages\printers\epson\driver\Tm-T88IV\EAPHLP0NLDThermal.chm","94752","24.02.2010 17:00:00","8BFD937088440711B80900F98724B30D681C12C633C0C5BD29B7D09B03A250D1"
"C:\Tiptorro\packages\printers\epson\driver\Tm-T88IV\EAPHLP0NLDValidation.chm","64301","24.02.2010 17:00:00","7BE1570DAED984EF72AB3F1C1EEFB9B12A2E500844A89E07F0133394CC4FA395"
"C:\Tiptorro\packages\printers\epson\driver\Tm-T88IV\EAPHLP0NONEndorse.chm","78170","24.02.2010 17:00:00","AF370F10D03520B9F3097DE9F58ACF0B93618B28A8B58CA08BBEEB726E1265DB"
"C:\Tiptorro\packages\printers\epson\driver\Tm-T88IV\EAPHLP0NONImpact.chm","57937","24.02.2010 17:00:00","F1514E12934276CE62ADB963228B3FA3DB194087EA967FFCB3C0F7EE2F85FA5C"
"C:\Tiptorro\packages\printers\epson\driver\Tm-T88IV\EAPHLP0NONInk.chm","79398","24.02.2010 17:00:00","75A566AAEA7EA4B4F15534B66911F1A0B58D73927985BEE8B1B26BC50F1B3C2B"
"C:\Tiptorro\packages\printers\epson\driver\Tm-T88IV\EAPHLP0NONLabel.chm","83428","24.02.2010 17:00:00","17C1A6F9C14BCD3DDDC2AEA04D249DC2EFD9B8EDD49ED0C4858156B28184CCBE"
"C:\Tiptorro\packages\printers\epson\driver\Tm-T88IV\EAPHLP0NONSlip.chm","59691","24.02.2010 17:00:00","C84926308E23B9C224367CE5204A81680E9B5CAFDCF40D77D8E38668ED14D9D2"
"C:\Tiptorro\packages\printers\epson\driver\Tm-T88IV\EAPHLP0NONSlipRotate.chm","46941","24.02.2010 17:00:00","F232168ACA143C76675252C8FF0C58169B984F7EDC16121EC3DCF6A76BB05EE6"
"C:\Tiptorro\packages\printers\epson\driver\Tm-T88IV\EAPHLP0NONThermal.chm","89548","24.02.2010 17:00:00","61C8048F1E06D1C7037F53FE501E975C2F449E6C8692D24B249EB7161C4468CC"
"C:\Tiptorro\packages\printers\epson\driver\Tm-T88IV\EAPHLP0NONValidation.chm","60569","24.02.2010 17:00:00","03DAD0DE5437AE565C3595471FF288B1BA72CA942C7EF0BB742AF5F601379459"
"C:\Tiptorro\packages\printers\epson\driver\Tm-T88IV\EAPHLP0PTGEndorse.chm","79875","24.02.2010 17:00:00","FF9A02DBC166FE07EDCB423BCEF36A3622462C53793D7CDF56C0E5915202C060"
"C:\Tiptorro\packages\printers\epson\driver\Tm-T88IV\EAPHLP0PTGImpact.chm","59480","24.02.2010 17:00:00","91DC1F0A621EFC85B3BC9B62E624B186C8375C91F56C4A758F520B9F5068FB3E"
"C:\Tiptorro\packages\printers\epson\driver\Tm-T88IV\EAPHLP0PTGInk.chm","84713","24.02.2010 17:00:00","4D10CF5B6EEFA1A97C45924DC7A8275801FF9D7A5182A93D413DC9CEAE4DB443"
"C:\Tiptorro\packages\printers\epson\driver\Tm-T88IV\EAPHLP0PTGLabel.chm","84497","24.02.2010 17:00:00","A3697115F5F820762A41B4EE180CFE8BFB6D0066E31EBE335EB180C0771BE8F9"
"C:\Tiptorro\packages\printers\epson\driver\Tm-T88IV\EAPHLP0PTGSlip.chm","62234","24.02.2010 17:00:00","D4D3D0FB057DAC0A227240B42AA1E56F4ED97996413845EEB942E223B96B7E53"
"C:\Tiptorro\packages\printers\epson\driver\Tm-T88IV\EAPHLP0PTGSlipRotate.chm","49174","24.02.2010 17:00:00","FCA898330A56D2CD255BB9DF6FCBCD9844B29CAE92A3D635779D04ACBBEC3FCE"
"C:\Tiptorro\packages\printers\epson\driver\Tm-T88IV\EAPHLP0PTGThermal.chm","93325","24.02.2010 17:00:00","C301626A41A765C0F81517F3D4065415E5144AEFDAA4EF0A28F74A6DD6F935C9"
"C:\Tiptorro\packages\printers\epson\driver\Tm-T88IV\EAPHLP0PTGValidation.chm","62542","24.02.2010 17:00:00","3475912EEE1AF98CF01911087BFC7615297EE501B85875AD3BAEE69E84CA3C97"
"C:\Tiptorro\packages\printers\epson\driver\Tm-T88IV\EAPHLP0RUSEndorse.chm","67360","24.02.2010 17:00:00","4E96DE080A083D6D54F12242AB633093CCD60C714443F44D5869059D90D696E9"
"C:\Tiptorro\packages\printers\epson\driver\Tm-T88IV\EAPHLP0RUSImpact.chm","49117","24.02.2010 17:00:00","09EE05A3D9E5A6B7272F6B1990CA52BBE891E254ECE920B55F93BA6DA152C334"
"C:\Tiptorro\packages\printers\epson\driver\Tm-T88IV\EAPHLP0RUSInk.chm","71032","24.02.2010 17:00:00","7F1F2DE10BE3CA1A02071A1CADC80FD3C1B8F428DBC1F10C51590B661B2247A4"
"C:\Tiptorro\packages\printers\epson\driver\Tm-T88IV\EAPHLP0RUSLabel.chm","72460","24.02.2010 17:00:00","E52874CA9014F3BF6C6B223AA5495E9DF96695CF96CFABAB2F726EC0363B7AA9"
"C:\Tiptorro\packages\printers\epson\driver\Tm-T88IV\EAPHLP0RUSSlip.chm","51059","24.02.2010 17:00:00","E93A799B62897F74DEB9A59826723CCA8A74541682AA3B42035345AA3A660665"
"C:\Tiptorro\packages\printers\epson\driver\Tm-T88IV\EAPHLP0RUSSlipRotate.chm","41615","24.02.2010 17:00:00","C051CDD3A72F6CC881B4DEE3B91D0887F955EA6D7EF720B354C8D08124AFBA03"
"C:\Tiptorro\packages\printers\epson\driver\Tm-T88IV\EAPHLP0RUSThermal.chm","77562","24.02.2010 17:00:00","1A873FC124DD42A56FC6B373B2D75F48CE684BFE4068B6712078F858EDB401AA"
"C:\Tiptorro\packages\printers\epson\driver\Tm-T88IV\EAPHLP0RUSValidation.chm","52621","24.02.2010 17:00:00","4A6C6683D287512B02B72F70699F49D23554D4C383E3E29B5215B8C7E0A30EE7"
"C:\Tiptorro\packages\printers\epson\driver\Tm-T88IV\EAPHLP0SCEndorse.chm","70171","24.02.2010 17:00:00","DD154E194A21C323469E4D19A29C89574FE929A923F2ED77CD3D8535C3487D97"
"C:\Tiptorro\packages\printers\epson\driver\Tm-T88IV\EAPHLP0SCImpact.chm","53174","24.02.2010 17:00:00","36DFCD0CC90A6919DC0DD5F769D68EDB494846E1FA90549AEB723810FCC743F5"
"C:\Tiptorro\packages\printers\epson\driver\Tm-T88IV\EAPHLP0SCInk.chm","71655","24.02.2010 17:00:00","193CD46DBDD43DFD6D22FE4CB8330F38D77197EF6B0002F28974D32A801E2B76"
"C:\Tiptorro\packages\printers\epson\driver\Tm-T88IV\EAPHLP0SCLabel.chm","74663","24.02.2010 17:00:00","093ACA0E0E8AE514524CEC191F87A510D1CA63D1CE8B26282BEFB80CD02031EA"
"C:\Tiptorro\packages\printers\epson\driver\Tm-T88IV\EAPHLP0SCSlip.chm","53188","24.02.2010 17:00:00","F9045F909C6A8D7D73DB88FC297969F2CFC4FE376BD7DFA9A593EF00E1E1D774"
"C:\Tiptorro\packages\printers\epson\driver\Tm-T88IV\EAPHLP0SCSlipRotate.chm","42226","24.02.2010 17:00:00","7339F0784260B7FDB39B440B659B2546F676FDDDF74CC90F81000CD31F45AC3C"
"C:\Tiptorro\packages\printers\epson\driver\Tm-T88IV\EAPHLP0SCThermal.chm","78483","24.02.2010 17:00:00","6A72C3B77628613AEBED68662EF4C8BDAA42C58D795E2C0501D8DFFC456D5C6B"
"C:\Tiptorro\packages\printers\epson\driver\Tm-T88IV\EAPHLP0SCValidation.chm","53296","24.02.2010 17:00:00","54FEE208E434048392C410677F2D6B5656CB21760507482FCA458DE5F885FEE5"
"C:\Tiptorro\packages\printers\epson\driver\Tm-T88IV\EAPHLP0SLVEndorse.chm","81587","24.02.2010 17:00:00","CEE66FC37DFB67CDB01BFCA0D154CF262090E9249E7DD69D9BC5BEC82921F454"
"C:\Tiptorro\packages\printers\epson\driver\Tm-T88IV\EAPHLP0SLVImpact.chm","60282","24.02.2010 17:00:00","4619F7FD94C6D95D975AEDA451E135F6392EC74CF740645FFC301BCCF6DF2ED3"
"C:\Tiptorro\packages\printers\epson\driver\Tm-T88IV\EAPHLP0SLVInk.chm","83161","24.02.2010 17:00:00","9D046E5ED7EB4554C15B38A7C8EE0DCA442734D77638A87ACCFEEF042E395A5B"
"C:\Tiptorro\packages\printers\epson\driver\Tm-T88IV\EAPHLP0SLVLabel.chm","86995","24.02.2010 17:00:00","39D016A9259266E8B5AB7DECB9F20E337401A5FCEBCD2EFBDF7AECB1C03592FE"
"C:\Tiptorro\packages\printers\epson\driver\Tm-T88IV\EAPHLP0SLVSlip.chm","62546","24.02.2010 17:00:00","B13E6588C6F245A61A13D40D084A3BCF3761A73E36AC6734E041AB79DB260C58"
"C:\Tiptorro\packages\printers\epson\driver\Tm-T88IV\EAPHLP0SLVSlipRotate.chm","48518","24.02.2010 17:00:00","927C27E60BD69C5D384BB6148A8DE719AF24E3BA5CD465E1DD388B44F21E8774"
"C:\Tiptorro\packages\printers\epson\driver\Tm-T88IV\EAPHLP0SLVThermal.chm","93365","24.02.2010 17:00:00","5F57C346E443D13689F717A4395CF186FBE84212A0C8C46DB78D57C5AB6FA32A"
"C:\Tiptorro\packages\printers\epson\driver\Tm-T88IV\EAPHLP0SLVValidation.chm","63388","24.02.2010 17:00:00","2BE79158D2AAD9CAC647323BE831682959CB1B3BAEF6AC15BC8F05A41D2D67F0"
"C:\Tiptorro\packages\printers\epson\driver\Tm-T88IV\EAPHLP0SVEEndorse.chm","77204","24.02.2010 17:00:00","8195CC02DD59A0D712CFF348B98BA16EFA2E9F1FC3030665E22B57098A2F5972"
"C:\Tiptorro\packages\printers\epson\driver\Tm-T88IV\EAPHLP0SVEImpact.chm","57197","24.02.2010 17:00:00","0D15048D6898E0695F7B5B227E6C1E50548B5F3D4F2E08358D9647085625E213"
"C:\Tiptorro\packages\printers\epson\driver\Tm-T88IV\EAPHLP0SVEInk.chm","78626","24.02.2010 17:00:00","746E64F116A0CA22B7D9B98469482AAC048E51B04FE1AB59259DA62BCD89DA2C"
"C:\Tiptorro\packages\printers\epson\driver\Tm-T88IV\EAPHLP0SVELabel.chm","82352","24.02.2010 17:00:00","C886A506A4272BA7975F993F19941291360D9E63D11A40FB3997A6DBC7FEE8D5"
"C:\Tiptorro\packages\printers\epson\driver\Tm-T88IV\EAPHLP0SVESlip.chm","58937","24.02.2010 17:00:00","353C608965A8EA8C1A89EBC8D6081EF24515B605376D1D754A86BFA57A17EDEF"
"C:\Tiptorro\packages\printers\epson\driver\Tm-T88IV\EAPHLP0SVESlipRotate.chm","46239","24.02.2010 17:00:00","2AFD4D1D62F20E276C8A2C1408EE0A7EB53E4ED98A98DB4095B570A08B8116FB"
"C:\Tiptorro\packages\printers\epson\driver\Tm-T88IV\EAPHLP0SVEThermal.chm","88922","24.02.2010 17:00:00","654CD6F5AB4D81749CD416DF4646D7265211DA7CFBAC2B14DD0A4247517E050C"
"C:\Tiptorro\packages\printers\epson\driver\Tm-T88IV\EAPHLP0SVEValidation.chm","59859","24.02.2010 17:00:00","1BE53315F38671FB9CDC17A83F204EC530FC702C54D899C969E0CDC05F060910"
"C:\Tiptorro\packages\printers\epson\driver\Tm-T88IV\EAPHLP0TCEndorse.chm","76765","24.02.2010 17:00:00","6BAF3CA30C8FE82E8D8B5B4E4AB5BD11E93E459D63D974A894965D7E0CFD510E"
"C:\Tiptorro\packages\printers\epson\driver\Tm-T88IV\EAPHLP0TCImpact.chm","57670","24.02.2010 17:00:00","FC4CE9175E7A667067CD35DA7648714AFC61C8E8CD15AE430EF72571B2AACF44"
"C:\Tiptorro\packages\printers\epson\driver\Tm-T88IV\EAPHLP0TCInk.chm","78607","24.02.2010 17:00:00","2E05E7237D511D2274BF97E22A986B92EF8810CF09A1102CF3FC78AF0481F195"
"C:\Tiptorro\packages\printers\epson\driver\Tm-T88IV\EAPHLP0TCLabel.chm","81849","24.02.2010 17:00:00","32372D3EF8D74A0D89CE4AD6A2FB3E02087B2051E472B41E13DA02497F6CECA3"
"C:\Tiptorro\packages\printers\epson\driver\Tm-T88IV\EAPHLP0TCSlip.chm","58058","24.02.2010 17:00:00","593077A14C3FB096951324285AA0060BED8715CCCDCFF68290BF529D4206B998"
"C:\Tiptorro\packages\printers\epson\driver\Tm-T88IV\EAPHLP0TCSlipRotate.chm","45546","24.02.2010 17:00:00","607E6BB258577A6DC81746ECD9D78A52DC200A91D8B243F0D4C3FA67975CFD55"
"C:\Tiptorro\packages\printers\epson\driver\Tm-T88IV\EAPHLP0TCThermal.chm","86297","24.02.2010 17:00:00","7673F3C5BF39917DFE70AD4A2B12058BB55A597AB5F27CB0BB30B66480814DA5"
"C:\Tiptorro\packages\printers\epson\driver\Tm-T88IV\EAPHLP0TCValidation.chm","58236","24.02.2010 17:00:00","ECD2E40487D842FF9CE64DBA906E996EB40B03785D3D9910E23290FC5378B96F"
"C:\Tiptorro\packages\printers\epson\driver\Tm-T88IV\EAPHLP0THAEndorse.chm","66354","24.02.2010 17:00:00","EE3C4FD5729F26E336B1AF27A7479713B55B19EA2CE44E647BEA278B915D269E"
"C:\Tiptorro\packages\printers\epson\driver\Tm-T88IV\EAPHLP0THAImpact.chm","46686","24.02.2010 17:00:00","CD6588EE4CA82F5F4C46C8C3E1AC7F9C332E75DE00F8FF3CBB669377D2A75DCC"
"C:\Tiptorro\packages\printers\epson\driver\Tm-T88IV\EAPHLP0THAInk.chm","67454","24.02.2010 17:00:00","DB912AA0D2F2C9A12C20C2E41FB25A4F79028E6AE392C6C652C5EFEEEBD55137"
"C:\Tiptorro\packages\printers\epson\driver\Tm-T88IV\EAPHLP0THALabel.chm","70056","24.02.2010 17:00:00","19AC63FDB1F8A5D0AB791CA21C4FC180E853B2B4727197619FCC5CD19C70C25C"
"C:\Tiptorro\packages\printers\epson\driver\Tm-T88IV\EAPHLP0THASlip.chm","48241","24.02.2010 17:00:00","F888FC63D877857DE6BA50839F4C75B21664A1EF564CFDBBCBE46F146D2144CE"
"C:\Tiptorro\packages\printers\epson\driver\Tm-T88IV\EAPHLP0THASlipRotate.chm","39409","24.02.2010 17:00:00","EED4499A8E6DDCAE8123DBA1B32B9B8F9A5557EAC3288972B0CA67B390EEF921"
"C:\Tiptorro\packages\printers\epson\driver\Tm-T88IV\EAPHLP0THAThermal.chm","73366","24.02.2010 17:00:00","6C18AE920784E6C54B182283BA9AD62D123FE02C63DCA9E39002DC3431794A57"
"C:\Tiptorro\packages\printers\epson\driver\Tm-T88IV\EAPHLP0THAValidation.chm","48433","24.02.2010 17:00:00","B6947EA4CE3BBBD564E9D4304823A6084E5336BB3AEC7B918CBCC5BEFE4F6FC9"
"C:\Tiptorro\packages\printers\epson\driver\Tm-T88IV\EAPHLP0TRKEndorse.chm","80272","24.02.2010 17:00:00","C331B69EDEB11E396ADE590A5777E02D4F9D31AF754D1903D5BF7DF4EDBC0D52"
"C:\Tiptorro\packages\printers\epson\driver\Tm-T88IV\EAPHLP0TRKImpact.chm","59261","24.02.2010 17:00:00","06AD0D8E1F1FE8A07B45D77BFA5FF552AD3C9BDD26655DF0029188A0B4AE31F5"
"C:\Tiptorro\packages\printers\epson\driver\Tm-T88IV\EAPHLP0TRKInk.chm","83530","24.02.2010 17:00:00","70AEAFF7C8D1E2BB52D96EE00A5D31C0D53893C7B92E4DEB2EF842C99E8B0CB9"
"C:\Tiptorro\packages\printers\epson\driver\Tm-T88IV\EAPHLP0TRKLabel.chm","84824","24.02.2010 17:00:00","4A3DC1C51D1DCF51F5CAB4B123E41C0540AA47F4D387A1CFDEB9B0C695278CF7"
"C:\Tiptorro\packages\printers\epson\driver\Tm-T88IV\EAPHLP0TRKSlip.chm","61863","24.02.2010 17:00:00","4A8D37F8FEF62932BD36E160BB9C3957660BDE6875D573CB375EF906B4919C2E"
"C:\Tiptorro\packages\printers\epson\driver\Tm-T88IV\EAPHLP0TRKSlipRotate.chm","48917","24.02.2010 17:00:00","176756B19E31DDB68EE35E3F84AF16E451D3F67430FFCCDF1C3FA2AC355F8C31"
"C:\Tiptorro\packages\printers\epson\driver\Tm-T88IV\EAPHLP0TRKThermal.chm","92682","24.02.2010 17:00:00","FE6271B31420F373EDF90D47AB202B0226B3E42E3247410B763B151B0E40CD08"
"C:\Tiptorro\packages\printers\epson\driver\Tm-T88IV\EAPHLP0TRKValidation.chm","62567","24.02.2010 17:00:00","CDF65567E726D9A22F46A5CBC26E0761DCFC8DF6C0818C3091E37AA9BEEC136F"
"C:\Tiptorro\packages\printers\epson\driver\Tm-T88IV\EAPHLP0VITEndorse.chm","86154","24.02.2010 17:00:00","C4170B78452A8153967D6FD89C1F1C996248315BC8B2AAC48A7B91FEF0EF417C"
"C:\Tiptorro\packages\printers\epson\driver\Tm-T88IV\EAPHLP0VITImpact.chm","63325","24.02.2010 17:00:00","D5F11840B24DA3150AE7B218CDB5E34C7EEDE4E860CB89799C2CD2E4DC624C37"
"C:\Tiptorro\packages\printers\epson\driver\Tm-T88IV\EAPHLP0VITInk.chm","91380","24.02.2010 17:00:00","1AF4FE529AF29E0728FE941F09C6EAF38BFBBBF27CBE63226245F9756160D1DF"
"C:\Tiptorro\packages\printers\epson\driver\Tm-T88IV\EAPHLP0VITLabel.chm","93616","24.02.2010 17:00:00","182A3032952E833805BFF2EED60560DB246A8FB18F3B39772F22FD1E42A6EE5B"
"C:\Tiptorro\packages\printers\epson\driver\Tm-T88IV\EAPHLP0VITSlip.chm","64867","24.02.2010 17:00:00","FB238CF26DC10BDFC077E01ECB045CB26FFB59251EB3DDCA26F53B18C948559E"
"C:\Tiptorro\packages\printers\epson\driver\Tm-T88IV\EAPHLP0VITSlipRotate.chm","51047","24.02.2010 17:00:00","496D82A7485665771E905590549653AC56BF5E38007C0EBC070A2B69A79F51F9"
"C:\Tiptorro\packages\printers\epson\driver\Tm-T88IV\EAPHLP0VITThermal.chm","100950","24.02.2010 17:00:00","14B40B1283CC220B9912FD1D44664E221415A153A2091C54479B5A7E5530726F"
"C:\Tiptorro\packages\printers\epson\driver\Tm-T88IV\EAPHLP0VITValidation.chm","66877","24.02.2010 17:00:00","19A0703164F8CEAB76BDB13D1D506C3933FAF02B4678A815F11085BF22CD9F0C"
"C:\Tiptorro\packages\printers\epson\driver\Tm-T88IV\EAPHLP0ZHHEndorse.chm","79773","24.02.2010 17:00:00","69C34BCA520BD0B1CA5D75847D64D22962FD9928107688B18823CBF7DC5F52BB"
"C:\Tiptorro\packages\printers\epson\driver\Tm-T88IV\EAPHLP0ZHHImpact.chm","59682","24.02.2010 17:00:00","6E57E1A287C781850CFEFE5005D9EFBFAF2FC3684B7D959B2F6DDD2B14166548"
"C:\Tiptorro\packages\printers\epson\driver\Tm-T88IV\EAPHLP0ZHHInk.chm","82783","24.02.2010 17:00:00","B2373C2AB36C3A7C4C627BA3A9A14D0DD59515F7CC38FDD66EE0D59D13E93F56"
"C:\Tiptorro\packages\printers\epson\driver\Tm-T88IV\EAPHLP0ZHHLabel.chm","84709","24.02.2010 17:00:00","F59A8F10058A4317A68A0ACE9953A8079C5CBF1F56E818450DE8FBB088DA2D90"
"C:\Tiptorro\packages\printers\epson\driver\Tm-T88IV\EAPHLP0ZHHSlip.chm","60244","24.02.2010 17:00:00","97768887A3749D4B5A4E04F9180AD2A7DED27D53EDDAF62888E087E1C7B5C628"
"C:\Tiptorro\packages\printers\epson\driver\Tm-T88IV\EAPHLP0ZHHSlipRotate.chm","47204","24.02.2010 17:00:00","EE6F865EF23462239787C1436C5144104418490A497E265FE1138C99B56F8630"
"C:\Tiptorro\packages\printers\epson\driver\Tm-T88IV\EAPHLP0ZHHThermal.chm","90237","24.02.2010 17:00:00","F400DAF443A9F3ECD9FF3F5C4AAA5C17CB425F2AF464C0C50D50DC97509C2D58"
"C:\Tiptorro\packages\printers\epson\driver\Tm-T88IV\EAPHLP0ZHHValidation.chm","60986","24.02.2010 17:00:00","50B683C3FE4173F7E36D9B153B3E36EA5479A9DA14573BCBF2F0EC3DFF1D1CB1"
"C:\Tiptorro\packages\printers\epson\driver\Tm-T88IV\EAPHT0001.DLL","82432","14.11.2013 01:10:54","20CCB46A87DC64428521B52F23FD9803B249C30282F63E1374F0F083B536BE88"
"C:\Tiptorro\packages\printers\epson\driver\Tm-T88IV\EAPHT1BP.dll","59904","24.03.2020 02:20:28","EEABA794A2C0CA7D8BB9FEF385E490BB5142E2BC39EDD084226F4594FF6803EE"
"C:\Tiptorro\packages\printers\epson\driver\Tm-T88IV\EAPHT4BP.dll","48640","24.03.2020 02:20:30","9E4806920895524F6322B977961F953C3184218B0FFB3B1B21C065B2029F0DB2"
"C:\Tiptorro\packages\printers\epson\driver\Tm-T88IV\EAPimc0.DLL","438272","24.03.2020 02:20:48","6E3DF850D2E9E0EA24981666D004891C8AE5279A4802D6413E03601CBF9C6EC4"
"C:\Tiptorro\packages\printers\epson\driver\Tm-T88IV\EAPIMGPRC.DLL","52736","14.11.2013 01:10:52","22AEEE3B7CA1C3CA1AEA38C546B24AAB9B1A4955252D773E442C4D9D283A1038"
"C:\Tiptorro\packages\printers\epson\driver\Tm-T88IV\EAPIMMD02.DLL","390144","14.11.2013 01:14:02","754C37BC9579039EB4A3D36FFAE81F935875DE5315300B0B1FE70FE759D3CD94"
"C:\Tiptorro\packages\printers\epson\driver\Tm-T88IV\EAPINKVOL.DLL","12288","14.11.2013 01:08:54","7E72F1B2996EBAEA720D6F638447B444B1017F560AC425CAA63E1BB3C941A6A8"
"C:\Tiptorro\packages\printers\epson\driver\Tm-T88IV\EAPIPGI10.DLL","52224","15.03.2009 17:00:00","3534651DF6AD990E4311EF49054C6915BF1AFC01EA825522A2FC0C422C4701B3"
"C:\Tiptorro\packages\printers\epson\driver\Tm-T88IV\EAPjnl7.dll","515584","24.03.2020 02:20:26","A26E24D76C576E7B65FE1EA26C6B020129DEB2B7020E17BA0771BB6EFAB0C2D9"
"C:\Tiptorro\packages\printers\epson\driver\Tm-T88IV\EAPJOB03X.DLL","343040","14.11.2013 01:08:50","9DDBF1C85BE737CF00EC077FA51F164E07E15F6915071A381AC1DE5A20E006CE"
"C:\Tiptorro\packages\printers\epson\driver\Tm-T88IV\EAPMAI03X.DLL","113152","14.11.2013 01:08:50","52A7A7731F545AE612366665ED300BDE78243C3B661FDFC66A849F3766328DC0"
"C:\Tiptorro\packages\printers\epson\driver\Tm-T88IV\EAPMW0001.DLL","58368","14.11.2013 01:10:56","381380A31F90332B776A7C615CFDAB3FFD95BDF1D174181BEE84407135466DF2"
"C:\Tiptorro\packages\printers\epson\driver\Tm-T88IV\EAPPntPrt.dll","99840","29.07.2014 03:09:28","AD9A6910D7F244FAF1059339D445DB90DE4D22A3C37A03C2681ADB9327CB0221"
"C:\Tiptorro\packages\printers\epson\driver\Tm-T88IV\EAPPPE03X.EXE","43648","14.11.2013 02:23:10","10DAE21B4A2878A8024F4EA8DCCD2728E011E7E7711E36C8B1AEE1371ABD37E5"
"C:\Tiptorro\packages\printers\epson\driver\Tm-T88IV\EAPPUI03X.DLL","233984","14.11.2013 01:09:04","41D3DE6A563DA7D1D94732F7163C7B24D36AD196D0ECA2A62B8DD48E95D3268B"
"C:\Tiptorro\packages\printers\epson\driver\Tm-T88IV\EAPR027e.dll","200192","23.03.2020 21:00:00","D3FD87C36DC695EDB74649BE5E49E8DEBBD13FE59E0A6D2E18A1EE8813F28757"
"C:\Tiptorro\packages\printers\epson\driver\Tm-T88IV\EAPR037e.dll","208384","23.03.2020 21:00:00","DA68EE620DD1832AFF9043B3E2846C774D42D8217FCA097E6C135B808817F787"
"C:\Tiptorro\packages\printers\epson\driver\Tm-T88IV\EAPR057e.dll","292864","23.03.2020 21:00:00","CD40DC035867CFDE56C1E0E2495580BA9DEFA2A52F7FE3AEA1C3A024FD71203C"
"C:\Tiptorro\packages\printers\epson\driver\Tm-T88IV\EAPR067e.dll","323072","23.03.2020 21:00:00","6958BC65E828E5C9130719235753960F99A7D6A2C3C6D2E5339153D7B2D7CAFE"
"C:\Tiptorro\packages\printers\epson\driver\Tm-T88IV\EAPR077e.dll","380416","23.03.2020 21:00:00","039E811DC4E7935837419AE93DC450C03EB9B8ADC1CE05F377AC08251FB84AE2"
"C:\Tiptorro\packages\printers\epson\driver\Tm-T88IV\EAPR087e.dll","204800","23.03.2020 21:00:00","03D66CA722E9DFAAB2FD8BA6A8A1BABB654B6F6FB777163668F88F5974C7B6F1"
"C:\Tiptorro\packages\printers\epson\driver\Tm-T88IV\EAPR127e.dll","559616","23.03.2020 21:00:00","C95C6C259AE3D14F8E774C5956A6B41B2AB89B87A6FA2DFA620B8EB151AA8824"
"C:\Tiptorro\packages\printers\epson\driver\Tm-T88IV\EAPR137e.dll","404480","23.03.2020 21:00:00","5EFD9D7E3F5D848090E46F4753D689493881A230D06FA8F05B1B4AB23F343150"
"C:\Tiptorro\packages\printers\epson\driver\Tm-T88IV\EAPR217e.dll","263680","23.03.2020 21:00:00","FA12FE7C3D74D0CC47109BA0D0FDD0D0C60AFFC3F674F6C289CB05DFEA117EFE"
"C:\Tiptorro\packages\printers\epson\driver\Tm-T88IV\EAPR217j.dll","417280","23.03.2020 21:00:00","57733B8707CD780F565C5AC245D592F4DDF323C66252CF5D00157D2BD678DFC1"
"C:\Tiptorro\packages\printers\epson\driver\Tm-T88IV\EAPR217s.dll","171520","23.03.2020 21:00:00","F9C723F67CE766AE382BC920D29DA293D5C6AC7C6DC689CDD03617621FFEB9A1"
"C:\Tiptorro\packages\printers\epson\driver\Tm-T88IV\EAPR217t.dll","289280","23.03.2020 21:00:00","B729546E5AE1B6BC9AAB08A6CDD3CC36DFB7CBC654D7CCFDBCAAE4DFBDD8EE9B"
"C:\Tiptorro\packages\printers\epson\driver\Tm-T88IV\EAPR227e.dll","180224","23.03.2020 21:00:00","E74FE42B699596CC83A1EE9E0D3662F68762FCCA49D22C4B91CC2AFE4EF54889"
"C:\Tiptorro\packages\printers\epson\driver\Tm-T88IV\EAPR237e.dll","213504","23.03.2020 21:00:00","C0ADDD39B55B66B0655B34DD3C861BAF9BC7B1E5CEDEE759C0D7D1A8E1D13E01"
"C:\Tiptorro\packages\printers\epson\driver\Tm-T88IV\EAPR257e.dll","161792","23.03.2020 21:00:00","C72E7736B12089C302F7663E3F099A26C74204AE189A6C7ECE76D288D958D248"
"C:\Tiptorro\packages\printers\epson\driver\Tm-T88IV\EAPR267e.dll","541184","23.03.2020 21:00:00","52033D6C4E7401EC1F3F67AFBD5EB0C17E4101EAD4FBA222258C146A6675A9CD"
"C:\Tiptorro\packages\printers\epson\driver\Tm-T88IV\EAPR347e.dll","133632","23.03.2020 21:00:00","2B84286280541F76D5C841AB8FD48B2AAC8CEA3CA9BB7F7D0DAB742AFEB3EF8C"
"C:\Tiptorro\packages\printers\epson\driver\Tm-T88IV\EAPR357e.dll","141824","23.03.2020 21:00:00","61C0C26EC1238C884B30771F19D3459315F366B59FBA406887602B7A4AD75A81"
"C:\Tiptorro\packages\printers\epson\driver\Tm-T88IV\EAPr387e.dll","145408","23.03.2020 21:00:00","D955644A952EFAAF41FA2FE6B182636E4EBAFFC38E1D34DBF9653DEC78CAB560"
"C:\Tiptorro\packages\printers\epson\driver\Tm-T88IV\EAPR397E.dll","142336","23.03.2020 21:00:00","0EDA5962D2022530EFAF23B8A2F7E68534E7EB24716A6D13C98145270D8B4499"
"C:\Tiptorro\packages\printers\epson\driver\Tm-T88IV\EAPR3b7e.dll","56320","23.03.2020 21:00:00","0D1545E94AFCD839AA0763E5A3EAF1C2E41103432C9945FAFBE769C80EC9CF5B"
"C:\Tiptorro\packages\printers\epson\driver\Tm-T88IV\EAPR3C7e.dll","178176","23.03.2020 21:00:00","84E4F9CE642C1ED9ED1DECDF61C74E7F8FDC8A0ADC637FCD67B94B3FD7244955"
"C:\Tiptorro\packages\printers\epson\driver\Tm-T88IV\EAPR3d7e.dll","153088","23.03.2020 21:00:00","2BA70B8D381F41882066596DD67FDBA6926B160960947EAA0F4597B01F4A7418"
"C:\Tiptorro\packages\printers\epson\driver\Tm-T88IV\EAPR3d7j.dll","172544","23.03.2020 21:00:00","84FD187F3D7BD2E47C7417FBC17C82B6470B229117332977B287328CE8827A22"
"C:\Tiptorro\packages\printers\epson\driver\Tm-T88IV\EAPR3d7s.dll","160256","23.03.2020 21:00:00","76C991C9A3607D8315B17CB517FA2411DCAEF9D561B6E6B8469499FC38EB42DA"
"C:\Tiptorro\packages\printers\epson\driver\Tm-T88IV\EAPR3d7sa.dll","410112","23.03.2020 21:00:00","7772668215B23EB07B4400C59A159C80B57C0221005D37C8BBDE87EDE284C042"
"C:\Tiptorro\packages\printers\epson\driver\Tm-T88IV\EAPR3d7t.dll","172032","23.03.2020 21:00:00","BD54B085F6FFF5F88BD4C264448C9592C7DA506F106F56467F96D80A7A0CF257"
"C:\Tiptorro\packages\printers\epson\driver\Tm-T88IV\EAPR3e7e.dll","323072","23.03.2020 21:00:00","44E5C958FC27C94EA91030797E7FE0D9708B26B530D4DDE3910AF5E0568A9C7B"
"C:\Tiptorro\packages\printers\epson\driver\Tm-T88IV\EAPR3e7j.dll","380928","23.03.2020 21:00:00","EF42EDFC6EAF2690D8A461B9E28C2173D34CC7A92FEBDC1F24F463C6D1328827"
"C:\Tiptorro\packages\printers\epson\driver\Tm-T88IV\EAPR427e.dll","89600","23.03.2020 21:00:00","9FA26EF266F820BCA3162046347F04801F2769E95ED19DA90A590AD1357F7470"
"C:\Tiptorro\packages\printers\epson\driver\Tm-T88IV\EAPR437e.dll","38912","23.03.2020 21:00:00","318C17FE3AACBAC1931562033D9A3B933CF52A85A17A66778CC74D4B82A9288C"
"C:\Tiptorro\packages\printers\epson\driver\Tm-T88IV\EAPR447E.dll","115200","23.03.2020 21:00:00","EEF269317EC619898A82766969FD9F01EB2E4294E00DE9D2911EA5510D279B7B"
"C:\Tiptorro\packages\printers\epson\driver\Tm-T88IV\EAPR457e.dll","76800","23.03.2020 21:00:00","9897D7FCCE2B60223D4CCB0C8EA0F8A6951EF35D0EF222E89A39149FE7085820"
"C:\Tiptorro\packages\printers\epson\driver\Tm-T88IV\EAPR467e.dll","203776","23.03.2020 21:00:00","EE0A00DF84F89CE316269B6CBEB4276531B4A8967EBE2131026D346FF3B164C7"
"C:\Tiptorro\packages\printers\epson\driver\Tm-T88IV\EAPR477e.dll","126976","23.03.2020 21:00:00","09C669A9475E930B57DC26F94120E0D6D7458F10DF5DAD20398559949EF088B7"
"C:\Tiptorro\packages\printers\epson\driver\Tm-T88IV\EAPR487e.dll","93696","23.03.2020 21:00:00","40C10D6F2537DB6F6B083E0C9E35588DAE494956D09F93772F5DAF8C478680A6"
"C:\Tiptorro\packages\printers\epson\driver\Tm-T88IV\EAPR497e.dll","168960","23.03.2020 21:00:00","798C36024EBDC181CF19E307A4F04486FEF4D08ABE7582FFBEE4689EBE2C45D8"
"C:\Tiptorro\packages\printers\epson\driver\Tm-T88IV\EAPR4a7e.dll","154112","23.03.2020 21:00:00","DB2B2CA86E3E33EF54B9F2B94D0A7D13C250889C7D0F4665FB37C721FF4EC905"
"C:\Tiptorro\packages\printers\epson\driver\Tm-T88IV\EAPR4C7e.dll","227840","23.03.2020 21:00:00","37ABFFCB520A3334CD1DF529F74E349F4ADB4DD1DE222863D29EE295A1D5D920"
"C:\Tiptorro\packages\printers\epson\driver\Tm-T88IV\EAPR4d7e.dll","81408","23.03.2020 21:00:00","3835346563AA54D6F4893552C6481BCEA3C12FEB6F359A97B9FC9834B7F575E5"
"C:\Tiptorro\packages\printers\epson\driver\Tm-T88IV\EAPR637e.dll","155648","23.03.2020 21:00:00","CF96D8770523E85D9BECF8D3818C780AB2D7D2D22A1BBC5153432F52D96D70FE"
"C:\Tiptorro\packages\printers\epson\driver\Tm-T88IV\EAPR647e.dll","166912","23.03.2020 21:00:00","7611F3F0F2E2ECA1ABF21E7DCD928D0AA489BAAC93514C6F82CEDFE114BD9651"
"C:\Tiptorro\packages\printers\epson\driver\Tm-T88IV\EAPR647j.dll","204288","23.03.2020 21:00:00","59230A8076BC33D3CC6710FDF4812B8E57984EF2BD495B0B7B6ECBC5E6E13BFF"
"C:\Tiptorro\packages\printers\epson\driver\Tm-T88IV\EAPR647s.dll","174080","23.03.2020 21:00:00","7EEA3A6FA707C4EE1CFA6DE262E5437702DA377D1DC7876DC4A8BCB5BCF818F0"
"C:\Tiptorro\packages\printers\epson\driver\Tm-T88IV\EAPR647t.dll","185856","23.03.2020 21:00:00","4625AA230ED5A669F0F6C926E8DD7D606B9CBB542CA9FDE3CEB7AABCCF4B183C"
"C:\Tiptorro\packages\printers\epson\driver\Tm-T88IV\EAPR717e.dll","155648","23.03.2020 21:00:00","B639E39A3A0889EAB181169C7ECFF6C95590B1FBD00C347AE38C90B6CDA2DFCE"
"C:\Tiptorro\packages\printers\epson\driver\Tm-T88IV\EAPR727e.dll","155648","23.03.2020 21:00:00","9AFA599D0E2167598BF746DA711129996C44F2A6F9611D2ACD42E1F9AC30C10D"
"C:\Tiptorro\packages\printers\epson\driver\Tm-T88IV\EAPR737e.dll","155648","23.03.2020 21:00:00","379DAD0C16334A32CFB72360DABAB1D278187D06963F30F20498FD3880C6CA70"
"C:\Tiptorro\packages\printers\epson\driver\Tm-T88IV\EAPr747e.dll","166400","23.03.2020 21:00:00","A707BEFAC2634DC867F0EF3A97DDDF6A57B1D41809539F1DB3C1C5B2AB825D1F"
"C:\Tiptorro\packages\printers\epson\driver\Tm-T88IV\EAPr747j.dll","185856","23.03.2020 21:00:00","4DCCFD81E25A95CBE8DEB9505013846313AC27F6CA207F933D25C50985C7EF14"
"C:\Tiptorro\packages\printers\epson\driver\Tm-T88IV\EAPR817e.dll","19968","23.03.2020 21:00:00","06C4DE267624B249C50469695A398FD463940517C58E013F2522B18D5761AEC7"
"C:\Tiptorro\packages\printers\epson\driver\Tm-T88IV\EAPR837e.dll","199680","23.03.2020 21:00:00","FD62B4331F51CF38B344AC5725121FEF2BC65CC86D1553C0957F0B1DB280D4F6"
"C:\Tiptorro\packages\printers\epson\driver\Tm-T88IV\EAPR857e.dll","46592","23.03.2020 21:00:00","21D7A071214C5670FE7696B850599E03489E7704DC0F7CF7AE4EE69E7889A932"
"C:\Tiptorro\packages\printers\epson\driver\Tm-T88IV\EAPr917e.DLL","146944","23.03.2020 21:00:00","F6DE4A1462FB40679C82476045552FC3060F166E36FCF98D205F6DCFFA1FE0EF"
"C:\Tiptorro\packages\printers\epson\driver\Tm-T88IV\EAPRA07e.dll","190464","23.03.2020 21:00:00","34A78DEC7FB0596B055038E822ACCE520B3EEB302275EE7C8A605F97C3E1D594"
"C:\Tiptorro\packages\printers\epson\driver\Tm-T88IV\EAPRA17e.dll","204288","23.03.2020 21:00:00","0101246D896F013FD786DB72E9AB6E5780759FAD027670A11A0CCD1C60E70F45"
"C:\Tiptorro\packages\printers\epson\driver\Tm-T88IV\EAPrA17j.dll","225280","23.03.2020 21:00:00","85A83AF15BADDF53778DD803635F7B8906959E2FECD9F5E888C6FCE4CC7D7A9B"
"C:\Tiptorro\packages\printers\epson\driver\Tm-T88IV\EAPRab7e.dll","81920","23.03.2020 21:00:00","AD5EAEECB86207693248EF6C81771EDC1FFEEFE59F05AC252908C38FD33252C0"
"C:\Tiptorro\packages\printers\epson\driver\Tm-T88IV\EAPRC0001.DLL","592384","14.11.2013 01:10:54","A60E9A66895796C632DD8821FA68BB0451424C38821C2C5C96D249A817A98854"
"C:\Tiptorro\packages\printers\epson\driver\Tm-T88IV\EAPRC0002.DLL","633344","14.11.2013 01:10:54","D4D426DC01E6A0F76D6F2D73EAA56C819DE9F5A82E8631CD6EE12ADC49A8ED22"
"C:\Tiptorro\packages\printers\epson\driver\Tm-T88IV\EAPSEST32.DLL","63488","15.03.2009 17:00:00","9B01F60732141FE48675504C65FB11ABB1D74697B54E348D6CC922A44715CD16"
"C:\Tiptorro\packages\printers\epson\driver\Tm-T88IV\EAPThai3Path.dll","86528","24.03.2020 02:20:30","A6654B32C927DEBA281744D9FE4EED8E76FB03A9EBA55759BEC4022F02ED9E98"
"C:\Tiptorro\packages\printers\epson\driver\Tm-T88IV\EAPuif7.dll","652288","24.03.2020 02:21:06","87F25BF3A4ADAB3E394BF0A7C2BF694C10E8F22386131376D4B9BB77A9F8665F"
"C:\Tiptorro\packages\printers\epson\driver\Tm-T88IV\EAPUIM03X.DLL","244736","14.11.2013 01:09:06","A7576DE19248502D1BFFA7789768AB8FC36D9261311BA986D435C7D57CE0C6F2"
"C:\Tiptorro\packages\printers\epson\driver\Tm-T88IV\EAPUir0.dll","5571072","24.03.2020 02:21:08","A1EA31E523342AFEBBCD607864EAF6F8E3FE2C3F0F1383B45FD3B0AD5A94BD5E"
"C:\Tiptorro\packages\printers\epson\driver\Tm-T88IV\EAPUIR03E.DLL","498176","14.11.2013 01:09:06","A62FE40C873E95A0E6D2008DEFE78E01E51ACC188792DC571A52D577039D9094"
"C:\Tiptorro\packages\printers\epson\driver\Tm-T88IV\EAPUIR03J.DLL","483840","14.11.2013 01:09:08","B773984EC84AB67B0B3F4774B17981F819A2D0D40E6193121328BAD6237C3E9B"
"C:\Tiptorro\packages\printers\epson\driver\Tm-T88IV\EAPurc0.DLL","76800","24.03.2020 02:20:50","CAA8D723F3B603B3FF2D5C93D3A4AFDEAE258182F58E5E7171FFFFEFE3FD3104"
"C:\Tiptorro\packages\printers\epson\driver\Tm-T88IV\EAPurn0.dll","211456","24.03.2020 02:20:56","2E9A4640916C5FAB905F9D6A66F013AC8FCEB6AF9D520876B61A8F014586D7E4"
"C:\Tiptorro\packages\printers\epson\driver\Tm-T88IV\EAPUTY03X.DLL","521216","14.11.2013 01:09:08","2830B9C3DF71AC14ECECDB631E559200E3FFB48A49792BA09CA61B69FCE4F93C"
"C:\Tiptorro\packages\printers\epson\driver\Tm-T88IV\EAP_Package.ini","14","10.02.2023 13:21:20","9AA24AA16005C91E3D48350BEC2048CAFA928F92DED0D37F21A149DCD0DBE915"
"C:\Tiptorro\packages\printers\epson\driver\Tm-T88IV\Epset32.dll","53248","15.03.2009 17:00:00","D896B40CB32BAE75B52D092E9958B278D96884CD2F381477954F1D0C798DFA91"
"C:\Tiptorro\packages\printers\epson\installer\APD_459aE.exe","52971312","20.09.2023 13:48:50","9CF854AEA7B91619AE96894307A5885538A5E34839F0654250F43F50BE6D4FD9"
"C:\Tiptorro\packages\printers\epson\installer\APD_513_T88V.exe","54459816","29.08.2025 20:55:04","0CDB07172DD3F40709E1926B7929B35B277AF41A080F3C5EADF24E965909E7E9"
"C:\Tiptorro\packages\printers\hwasung\HMK-054.GPD","11705","08.03.2016 10:17:36","B07FBEDAF931CEF85BF3EE3EA19BBEE4D5FCDE505CAD070CB823894CA311EDED"
"C:\Tiptorro\packages\printers\hwasung\HMK-056.GPD","11705","21.04.2022 04:53:46","4BD2D5A9C7E7BC4210EC0C70170B8FD56BD3687CB3C63C831833CB8D360C9333"
"C:\Tiptorro\packages\printers\hwasung\HMK-060.GPD","11705","13.05.2011 13:21:06","A7656AD82FC27A8A84E212C0CC406B71FB86E37AA1358E57326B056471F64228"
"C:\Tiptorro\packages\printers\hwasung\HMK-072.GPD","11243","17.09.2021 09:08:24","BD16DD05BE2D7FE44E1B1BA1B3F424B50852AD2233E8FFF1FF30B2C9EF3BEF21"
"C:\Tiptorro\packages\printers\hwasung\HMK-080.GPD","11698","13.05.2011 13:21:14","E23C803DDC745967D7F9AB069B6B2B47D9C3C4F9B3A9A7C97EEC4D562BA74D4B"
"C:\Tiptorro\packages\printers\hwasung\HMK-081.GPD","13155","08.03.2016 10:14:00","DB35C05492E818A89D803C67F1B5243EA1E816E4FA19C39BE975F81E55164084"
"C:\Tiptorro\packages\printers\hwasung\HMK-825.GPD","13155","13.05.2011 13:15:04","ABEBCB8F310C1F8AD43F29C24C45295673FA34970DF97F7C5205D1D85D9BDCF7"
"C:\Tiptorro\packages\printers\hwasung\HMK-830_200.GPD","12563","18.03.2019 07:54:10","5D8A4575AC8200E4E4A02B75B6C24E507E87D576C7735F40F123497A42958A0C"
"C:\Tiptorro\packages\printers\hwasung\HMK-830_300.GPD","12563","18.03.2019 07:39:12","8D7C3F77BD9CCC7732014CDF67E7B1D12639A4875E3260D7E3747A26E77B2B70"
"C:\Tiptorro\packages\printers\hwasung\HmW2k.dll","4608","07.07.2016 11:30:40","807E8891FEFD8841E38B4D39B222C98F8F22DC9184571C01D0990BE44C4CF432"
"C:\Tiptorro\packages\printers\hwasung\HP-058.GPD","12796","12.07.2016 05:34:40","AB64ECA766BB3C6730A9D9148C916BA978876C5B6F73B864190185C8199CE35A"
"C:\Tiptorro\packages\printers\hwasung\HP-083.GPD","13034","12.07.2016 05:34:42","5DECE8B1D9029F41AA20A8D9869BBF5759CF315273CB22C6E59D244DB60D3440"
"C:\Tiptorro\packages\printers\hwasung\HP-283.GPD","13036","12.07.2016 05:34:40","9188E1F0382DBA673C3D59D07D535E19FD38F3112D83C00FD1C28E99C3A95698"
"C:\Tiptorro\packages\printers\hwasung\HP-380.GPD","11243","17.09.2021 09:41:20","0B112B67F5F52EA862969F1D939AECEF92765A683DA707B9C336A0FF90F5E068"
"C:\Tiptorro\packages\printers\hwasung\HPP-250.GPD","10529","08.03.2016 10:18:10","FAB0CFD03F042FF29011BFF7C7220F74C708C10DBAFD0B35355F5F1329F24E2E"
"C:\Tiptorro\packages\printers\hwasung\HWASUNG Printer Driver Installer.exe","32256","27.06.2022 10:15:22","50D711FB519D5C3A25B039072EB12510C95B9365B2FE7B5A4478568727651746"
"C:\Tiptorro\packages\printers\hwasung\hwasung202109.cat","17083","27.06.2022 09:20:50","B8D3668399CC79FE47D5C396BC66727A755540F2A844B9ABA6C6544BC1AC2835"
"C:\Tiptorro\packages\printers\hwasung\hwasung202204.cat","16025","21.04.2022 05:02:52","C36C5B92C04F329755211F6A8D96246FEE703400822316597ED07E9B4ACF5734"
"C:\Tiptorro\packages\printers\hwasung\HWASUNG_32bit_v400.INF","3702","27.06.2022 09:16:08","380CA1B5120BBB811FF4EDB996E1263699BFC305DB6449CC36616AF1671DC2E1"
"C:\Tiptorro\packages\printers\hwasung\HWASUNG_64bit_v400.INF","4034","21.04.2022 04:55:26","B173BF31184DAF9FA99F11D25D4C1A7B2FF73D7747E678F48AF0C5856B506BE0"
"C:\Tiptorro\packages\printers\hwasung\JW-1660.GPD","12600","28.08.2019 09:19:24","73AB9D87F19D9C39FD033F30E8959C66FB93B521B143875B83129BC3A0067534"
"C:\Tiptorro\packages\printers\hwasung\uninst.exe","54866","18.03.2024 17:19:20","D60882509D67A82B9758810AEA701C2168CB288535E6B644DC0F637B7CE4547E"
"C:\Tiptorro\packages\printers\star\CommandEmulator.dll","164712","29.08.2025 20:59:20","409BA46536F006C35C09730B366BDDDFFBBC8EAD267836A5622EC6396CE1077E"
"C:\Tiptorro\packages\printers\star\Configuration.dll","434512","29.08.2025 20:59:18","41ED51F912584FF1CE0CB6C206E96954599842A0709BE732979BDE6BF3DB522C"
"C:\Tiptorro\packages\printers\star\GenericAction.dll","352592","29.08.2025 20:59:18","C57AA7572E2E8FC76601B42CAA72E0354815095938031904C27D90E23C4BF670"
"C:\Tiptorro\packages\printers\star\Setup.exe","94968","29.08.2025 20:59:14","1601532C7F90E6339556F4DBE773FDDA805E75650952533C37E7CE3993642535"
"C:\Tiptorro\packages\printers\star\setup_x64.exe","125555432","29.08.2025 20:59:18","A2F67704F2057659C4271EE74D3DE5FFFB12241B4E8A0B178F0D1C99D5741DEB"
"C:\Tiptorro\packages\printers\star\setup_x86.exe","122199600","29.08.2025 20:59:18","C9AD8CA748D2E6623FB6B500678AD40D1D68EE35D05193AE6621CB2AE1504A9E"
"C:\Tiptorro\packages\printers\star\SMJLMHOST.dll","31048","29.08.2025 20:59:18","6720B47D7464EB2B5CD68D7DC2B7A5D0EBCDEA55B05405BE7865F7643AFCC864"
"C:\Tiptorro\packages\printers\star\smjt100.cat","27451","29.08.2025 20:59:18","B2BB50BA6D102044C23832916B77A7254E40CB35C51F25FFC722B2135325F900"
"C:\Tiptorro\packages\printers\star\smjt100.inf","5781","29.08.2025 20:59:18","FD723923910BA829FF8F63C5651C0C6AD0B725E0CADC8ACC26035B5768117918"
"C:\Tiptorro\packages\printers\star\smjt100.ini","42","29.08.2025 20:59:18","7A47E3C3397D4C164FBAD394A4661A7ECA930C6E217A5DBE1049C57971B3CA02"
"C:\Tiptorro\packages\printers\star\smjt100epm.dll","192920","29.08.2025 20:59:18","3C8FBA0F882ACFBF526617C3A7664F13E04A0F16AD488B4CC9B974BEC11E7FFE"
"C:\Tiptorro\packages\printers\star\smjt100epmrc.dll","27544","29.08.2025 20:59:18","7F87896ACB2520274B3912D64FCBC71E6E23BC9B4564B41A23AF2E0579E74861"
"C:\Tiptorro\packages\printers\star\smjt100epmui.dll","129432","29.08.2025 20:59:18","9F7AE874FFAC96888462F7370C064655A2F743229564F16C1472D037DAE86381"
"C:\Tiptorro\packages\printers\star\smjt100res.dll","181608","29.08.2025 20:59:18","73D9AF2758F7C780B32A50DAABB95DF3E9D14E3AEA320A2783F79E8E8743F4E2"
"C:\Tiptorro\packages\printers\star\smjt100res.gpd","5468","29.08.2025 20:59:18","DA94F2A9D93A3DB1A02F2B4301C1C80A06696F3297B42CEA9A5A4B106EC03C55"
"C:\Tiptorro\packages\printers\star\smjt100ui.dll","42368","29.08.2025 20:59:20","7F3FF42D0EB297732F7419C1B58C4E49EA361ACDEACF00854F2529521167BD13"
"C:\Tiptorro\packages\printers\star\smjt113.gpd","108486","29.08.2025 20:59:20","78876A15FD87C1700B9790E3DA1900086D9ED47C6F0F48347C0B737C510DDA13"
"C:\Tiptorro\packages\printers\star\smjt143.gpd","140014","29.08.2025 20:59:20","57A094ED887F590F2307B164CC6D7A7FB8DE54BA4A3D3A6762CDE554A93B0B49"
"C:\Tiptorro\packages\printers\star\StarLineModeSE.dll","6910816","29.08.2025 20:59:20","0024F52D77950A13325B853A9CCB730726B1991754499959F180B91EB8A61D34"
"C:\Tiptorro\packages\printers\star\StarTSPTC.dll","162144","29.08.2025 20:59:20","D245864A84D92FC81BDC401DC38E3A5361B0AC2D88EF7A0A00E247D81CDDA02F"
"C:\Tiptorro\packages\printers\star\TargetAction.dll","127864","29.08.2025 20:59:20","FB1E55CBE7D304FB6ACC95B2FFCDE465FB378CE51DBB43E976CC7247C7027FF8"
"C:\Tiptorro\packages\printers\star\TSP100BLM.dll","316336","29.08.2025 20:59:20","94E839E68536E8830D4D6E081E7738F1531BDA5414E67BC37E5546F6A438C0B7"
"C:\Tiptorro\packages\printers\star\TSP100BLMIF.dll","141744","29.08.2025 20:59:20","19BF12A0357DC73A1E75F97C924EE077A943ABCB54646001C45BE0C989343388"
"C:\Tiptorro\packages\printers\star\TSP100ELM.dll","315288","29.08.2025 20:59:20","E2FE2ED026DD7C8B448871E21B8413BB6CC30E2CE41E0CB0C8BFC230DF6E815F"
"C:\Tiptorro\packages\printers\star\TSP100ELMIF.dll","140696","29.08.2025 20:59:20","E79B56998B13DF44F90CD3271983A205F020AED508D25AFEF9CFEB4FDCAB4A98"
"C:\Tiptorro\packages\printers\star\TSP100LM.dll","335256","29.08.2025 20:59:20","AD5AB29715B6ACB849BC2D75DEB40B471CE6E25E0C639F6773DBB67013B4D6F5"
"C:\Tiptorro\packages\printers\star\TSP100LMIF.dll","163248","29.08.2025 20:59:20","29736855799F6E4E769B7AE08AD34D2472E7AFCB0C97F326E6AE6C7794139423"
"C:\Tiptorro\packages\printers\star\xerces-c_2_8.dll","2842992","29.08.2025 20:59:20","6001D3DBE1990E2B5D6F945B3D9B15EC53BBC2BD2F312FF6FC8EBB13E934B5B2"
"C:\Tiptorro\packages\teamviewer\TeamViewer_Settings.reg","6924","10.09.2025 01:48:26","FAB074BB1E8F53719040754997195A1636C7C922416977F146E6FFEEFC5B25B8"
"C:\Tiptorro\packages\teamviewer\TeamViewer_Setup.exe","38459680","30.08.2025 00:42:41","906474404B144BBCEA507914BFF3838B9A169E21AD1787739E432AF33B1DC1B7"
"C:\Tiptorro\policies\teamviewer-standard.reg","12458","10.09.2025 01:56:16","59A0641B05B313DC1067A8F582E3CEC587BBF00508213D452B50911ECFE5761E"
"C:\Tiptorro\policies\TeamViewer_Settings.reg","6924","10.09.2025 01:48:26","FAB074BB1E8F53719040754997195A1636C7C922416977F146E6FFEEFC5B25B8"
"C:\Tiptorro\scripts\Apply-EdgePolicies.ps1","1313","11.09.2025 22:09:24","380C08BB1ABF4858176BA9641DA01A52CB99FFBE5368AA993E7B1E0A8E54FBCD"
"C:\Tiptorro\scripts\Audit-Signatures.ps1","2485","12.09.2025 01:21:08","CD7F76D78FB5FFEDC7870A44834799B0035464B59F4A4E6BBA4D92F4F85EDA1E"
"C:\Tiptorro\scripts\Build-Handover.ps1","5400","12.09.2025 01:32:42","1FCD037373ED91137C483BC57841E550BD8101A94F1219024AFC9C980CBE2169"
"C:\Tiptorro\scripts\Create-LiveTV-Shortcut.ps1","828","11.09.2025 16:38:48","8291CA5026756E106A256299039CE6894877AE8E1E0E1D58DFF43C04D1A19AA0"
"C:\Tiptorro\scripts\DeviceManager.ps1","8848","10.09.2025 02:35:02","4E2A622459A953B807CE7366A658227C891CE0050C06C0C562B29C9E8ADBDE2A"
"C:\Tiptorro\scripts\HealthCheck.ps1","6529","12.09.2025 00:55:46","A9799C5B0DDB9698DB93714D2B42F0D104DC93EA3C944FF789898BE4E42B0201"
"C:\Tiptorro\scripts\LiveTV-SetLink.ps1","2333","11.09.2025 21:13:38","5D66B31DFF2787FF1CEBBEC1BB970D9ED770076B5BB1967286F5A6C39E9E9CE5"
"C:\Tiptorro\scripts\OneClick-Phase8.ps1","4854","11.09.2025 22:22:22","18205B6B1519DF86EA8FA419DFBACE2E448D50DC234A631AA19DC40F304B47E9"
"C:\Tiptorro\scripts\Printers_Forms.ps1","14370","11.09.2025 04:38:17","C93AB78D3BFB0065776FCFACB23F1A8B24C66CF8D3206117CADFD7109E5E4E4E"
"C:\Tiptorro\scripts\Reset-TorroEnv.ps1","3","12.09.2025 02:02:10","F1945CD6C19E56B3C1C78943EF5EC18116907A4CA1EFC40A57D48AB1DB7ADFC5"
"C:\Tiptorro\scripts\Scan-PrinterPackages.ps1","4279","10.09.2025 12:59:42","C8276C586629098C5F623F4BAAA3BEB7A9A3D701BC3B852B81FB98A1E1C1C7E7"
"C:\Tiptorro\scripts\Setup-TeamViewer.ps1","2899","10.09.2025 01:36:23","8717309C0AE26E8C3B66CBB8EF7F0632192E84195B26A7CCC054E2A3739FAE43"
"C:\Tiptorro\scripts\Start-LiveTV.ps1","4959","11.09.2025 21:01:09","BCE8EF3D9CA7DF17643DA94355E296A33D75023B5F0C122FE5B61C7EA1C03B9F"
"C:\Tiptorro\scripts\Start-Maintenance.ps1","561","11.09.2025 21:14:57","05BBD2D5839B164399821421C71B0E689ADC058A3D48ABA52D32532340A19583"
"C:\Tiptorro\scripts\Start-ShopKiosk.ps1","5792","11.09.2025 20:07:30","E3A6E6FBB9AC4BE591FB0FB804F3FFF07587826A41D73919EB3DBC01EA86F3F1"
"C:\Tiptorro\scripts\Torro-Panel.ps1","15060","12.09.2025 01:44:28","528BB7AF7C8B9E441AC821E564ACC3629940AA93D7CC50D6DBCDDDF2911C5CC6"
"C:\Tiptorro\scripts\Verify-Phase7-8.ps1","3431","11.09.2025 15:56:54","519DB2D74422FB17C2E92637BB45266EEB0D2EAB6793A758673ACDFFF0F80622"
"C:\Tiptorro\state\livetv.selected.json","149","12.09.2025 02:13:00","BAC9D6C9A128182AB9E398C9705017A6E77829BF88686F9BCE85E6713C476452"
"C:\Tiptorro\_backup\pre_reset_20250912_0201\assigned_access_events.txt","0","11.09.2025 15:33:58","E3B0C44298FC1C149AFBF4C8996FB92427AE41E4649B934CA495991B7852B855"
"C:\Tiptorro\_backup\pre_reset_20250912_0201\audit.whitelist.txt","88","12.09.2025 01:21:23","A147CCBC018C5AA0D629168E344EC0297A59B8575EE3C5997DE11F094F1DFAB6"
"C:\Tiptorro\_backup\pre_reset_20250912_0201\audit_signatures_20250912_011116.csv","85868","12.09.2025 01:11:26","CADE7C02DD1B5FDA46C22A08199A663FBC4BEEBAAC6B050088968AC69EF88D24"
"C:\Tiptorro\_backup\pre_reset_20250912_0201\audit_signatures_20250912_011116.log","21796","12.09.2025 01:11:26","C5EF0774955C961755B935B43C7D0DBB051D8A2AF2AAD9DD2D9DE769AB140EDC"
"C:\Tiptorro\_backup\pre_reset_20250912_0201\audit_signatures_20250912_011508.csv","86394","12.09.2025 01:15:12","0CD440A709AEB2B87A124FC015CFFA778579A7C97C081B107C71C125A83B16EC"
"C:\Tiptorro\_backup\pre_reset_20250912_0201\audit_signatures_20250912_011508.log","21980","12.09.2025 01:15:12","800BABF5DD10D51970B5970223DA35BDA06553A171DAB63D6FEC2196E1867937"
"C:\Tiptorro\_backup\pre_reset_20250912_0201\audit_signatures_20250912_011720.csv","28844","12.09.2025 01:17:24","A203424AF933CDD6791C1B267DE19AB1C9D5D89FAED96BDB51B78A0B9128304C"
"C:\Tiptorro\_backup\pre_reset_20250912_0201\audit_signatures_20250912_011720.log","21980","12.09.2025 01:17:24","800BABF5DD10D51970B5970223DA35BDA06553A171DAB63D6FEC2196E1867937"
"C:\Tiptorro\_backup\pre_reset_20250912_0201\audit_signatures_20250912_012132.csv","26740","12.09.2025 01:21:36","7E99E10DBA9FC92ACCA4CE8B818A854E0A55DD65F8A05A39993247CC28786873"
"C:\Tiptorro\_backup\pre_reset_20250912_0201\audit_signatures_20250912_012132.log","20676","12.09.2025 01:21:36","8736C0F1E8CD0DCE0DB5D8D0348739A6E139B3F7D3155341F2D50A107F52D9D3"
"C:\Tiptorro\_backup\pre_reset_20250912_0201\audit_signatures_20250912_014725.csv","26740","12.09.2025 01:47:29","7E99E10DBA9FC92ACCA4CE8B818A854E0A55DD65F8A05A39993247CC28786873"
"C:\Tiptorro\_backup\pre_reset_20250912_0201\audit_signatures_20250912_014725.log","20676","12.09.2025 01:47:29","8736C0F1E8CD0DCE0DB5D8D0348739A6E139B3F7D3155341F2D50A107F52D9D3"
"C:\Tiptorro\_backup\pre_reset_20250912_0201\audit_signatures_20250912_014756.csv","26740","12.09.2025 01:48:00","7E99E10DBA9FC92ACCA4CE8B818A854E0A55DD65F8A05A39993247CC28786873"
"C:\Tiptorro\_backup\pre_reset_20250912_0201\audit_signatures_20250912_014756.log","20676","12.09.2025 01:48:00","8736C0F1E8CD0DCE0DB5D8D0348739A6E139B3F7D3155341F2D50A107F52D9D3"
"C:\Tiptorro\_backup\pre_reset_20250912_0201\CHANGELOG.md","0","11.09.2025 12:50:01","E3B0C44298FC1C149AFBF4C8996FB92427AE41E4649B934CA495991B7852B855"
"C:\Tiptorro\_backup\pre_reset_20250912_0201\devicemanager_FirstRun_20250910_021744.log","7338","10.09.2025 02:19:46","0415E2400334F09A9CE0976CE83C2FBD49FDBE07065129B9E471126944281902"
"C:\Tiptorro\_backup\pre_reset_20250912_0201\devicemanager_HealthCheck_20250910_022745.log","608","10.09.2025 02:27:45","BFF6821B7F76DF3F7418643CEBFF17F8DE565117D49805515C79FB52D655227C"
"C:\Tiptorro\_backup\pre_reset_20250912_0201\devicemanager_HealthCheck_20250910_023522.log","608","10.09.2025 02:35:22","5EAFAADF5F25F1DEAFB81101528F7D63B623D8E64646AE363A9034012D17E08D"
"C:\Tiptorro\_backup\pre_reset_20250912_0201\devicemanager_Install_20250910_023520.log","1032","10.09.2025 02:35:22","F574BF98F023B45349D699425B426586EC143761E007C00984EA89BCB7ECC6C0"
"C:\Tiptorro\_backup\pre_reset_20250912_0201\devicemanager_Start_20250910_023534.log","568","10.09.2025 02:35:34","B25603376A32512FA26519EA91AC2E5DDAE6AAB2C5890989E3D03C45065CED5F"
"C:\Tiptorro\_backup\pre_reset_20250912_0201\devicemanager_Status_20250910_021635.log","782","10.09.2025 02:16:35","01D93F9A609FFF8F55ABC32218B9DDFECE89559B1E17C25EE45471EA095D99C4"
"C:\Tiptorro\_backup\pre_reset_20250912_0201\devicemanager_Status_20250910_022246.log","782","10.09.2025 02:22:46","DAA7CAC99CFE2AC4FDB9AC1C04C8A5F0B5C9DE439AD0DAA739A19DDB8F8B6C6C"
"C:\Tiptorro\_backup\pre_reset_20250912_0201\devicemanager_Status_20250910_022507.log","782","10.09.2025 02:25:07","DC81F4BB26DFE3BDEC1A445504AB427EE9FDCD2455091B9678EB499E1A692C29"
"C:\Tiptorro\_backup\pre_reset_20250912_0201\devicemanager_Stop_20250910_023534.log","362","10.09.2025 02:35:34","35AFEAB3285A68A9488BD1DF9E2D27B3525ECF4B6361A3441EA339F6D6A53632"
"C:\Tiptorro\_backup\pre_reset_20250912_0201\edge-policies.reg","1964","12.09.2025 02:01:59","9AF842A9A15BF3B236474FAACAB302B23FAFCFC53B11DCBEE43636F3BB48FB6D"
"C:\Tiptorro\_backup\pre_reset_20250912_0201\edge-procs_20250911_205108.txt","1461","11.09.2025 20:51:08","571D2C8E1B2E5EBA24D1B84CD6B5DE10E3B0306CC7F4FBCBD8A4F33D23DC4443"
"C:\Tiptorro\_backup\pre_reset_20250912_0201\healthcheck_20250912_004706.log","6554","12.09.2025 00:47:12","F218DA522A7ED3427EE7FAFE9FB9550439EBC455B6242A31F9FCD146A7443904"
"C:\Tiptorro\_backup\pre_reset_20250912_0201\healthcheck_20250912_004807.log","6554","12.09.2025 00:48:10","1FBBB2D881EAE18F6585FC09A627C3B4C4FA53C343C3B8E9FF34BEC493B04760"
"C:\Tiptorro\_backup\pre_reset_20250912_0201\healthcheck_20250912_005547.log","6700","12.09.2025 00:55:50","4B6B4F319E4389608FFE5566C7D883CB92968D64840F5AAE8BE7D04D2FCFC150"
"C:\Tiptorro\_backup\pre_reset_20250912_0201\healthcheck_20250912_014706.log","6700","12.09.2025 01:47:09","53B302B10DCD99AECBB189622B9E00FEF9476D9A20C7C445F279CCFA98B8CC88"
"C:\Tiptorro\_backup\pre_reset_20250912_0201\healthcheck_20250912_014743.log","6700","12.09.2025 01:47:46","3E586AC95415F1F701659F46C3A94BC76746DCE31D6F6963533C08084DD1C7A6"
"C:\Tiptorro\_backup\pre_reset_20250912_0201\livetv.selected.json","95","11.09.2025 21:15:28","D61941A53DF1A2C9B280E7DDF80C2CDDDA6F66E79AE8149AD7088149B4B72FBC"
"C:\Tiptorro\_backup\pre_reset_20250912_0201\monitors_20250911_205240.txt","75","11.09.2025 20:52:40","9C463CCDEC686662AD75A020E19D1C6C9FD0A03F8DE888686E9F4F2F9553DCB9"
"C:\Tiptorro\_backup\pre_reset_20250912_0201\monitors_20250911_221608.txt","73","11.09.2025 22:16:08","402838DFADA4B0765CDC5D917B0173C8387B2CD7F6D101FD0B5865A3936070B3"
"C:\Tiptorro\_backup\pre_reset_20250912_0201\ops-playbook.md","11816","12.09.2025 01:10:42","5F7A44E0014D1A7521671E1AC82FEC9E1C08B1C8F5D1D94D9B2E2AACE6A58695"
"C:\Tiptorro\_backup\pre_reset_20250912_0201\phase4-5_printers_snapshot.txt","9190","11.09.2025 05:01:30","56A0CC9533B94BE104D139FC1EB85872F398546B1DB41950415D42825366885C"
"C:\Tiptorro\_backup\pre_reset_20250912_0201\phase8_20250912_014508.txt","522","12.09.2025 01:45:08","AF41E3C771CDB2E72EBA431BCDBD2AF5DDD3FAF406F6024C1AFAF892D3866CA4"
"C:\Tiptorro\_backup\pre_reset_20250912_0201\printers_after.csv","2344","12.09.2025 02:02:00","A019B5BB20C5C72FCD08C3CD23C9521347B440BCF6C11B420C59F9E25637E490"
"C:\Tiptorro\_backup\pre_reset_20250912_0201\printers_before.csv","2344","12.09.2025 02:02:00","79B6556131773726D6B2091AEA464AFBE86E47A9E7BEB8FE417143C3590FD4D4"
"C:\Tiptorro\_backup\pre_reset_20250912_0201\printers_forms_AddForms_20250910_131940.log","4156","10.09.2025 13:19:41","24F8585B53BCAF035C9087B11CBD0F88814B068D759AFD94DA3DA5C7A318FBF7"
"C:\Tiptorro\_backup\pre_reset_20250912_0201\printers_forms_AddForms_20250910_132121.log","4156","10.09.2025 13:21:22","EB7E3F9A6175F86BFF4C27DAFCD7BDB05947E51EDD94012BE18DA2F2E6ECC606"
"C:\Tiptorro\_backup\pre_reset_20250912_0201\printers_forms_Detect_20250910_122211.log","3590","10.09.2025 12:22:12","F081911289DBADA83835AF9479FFA41EFFF0E726F1527C0D481FD88D101C00EA"
"C:\Tiptorro\_backup\pre_reset_20250912_0201\printers_forms_Detect_20250910_131931.log","3590","10.09.2025 13:19:32","3491821267470763B5A7C6FC7110C289BABE050CD977A2ED45C3D3E8572EDD4A"
"C:\Tiptorro\_backup\pre_reset_20250912_0201\printers_forms_Install_20250910_132141.log","4034","10.09.2025 13:21:43","BEDFAE9EF5D105BEDE363F342DD5F211E8342DFAB3291FB4F9AC3BC01A5C4E52"
"C:\Tiptorro\_backup\pre_reset_20250912_0201\printers_forms_OneClick_20250911_044432.log","7920","11.09.2025 04:44:37","9A59D1C953D52603023DECF4EE546D77A53A15CCAEFB6683EF5EF3004F895D59"
"C:\Tiptorro\_backup\pre_reset_20250912_0201\printers_forms_OneClick_20250911_045859.log","6540","11.09.2025 04:59:05","1A2771A3BE7D220FE1B4BBD62824FFC43E80F4474EF202C5A33CF444A4386CBF"
"C:\Tiptorro\_backup\pre_reset_20250912_0201\printers_forms_SavePrefs_20250910_132633.log","3862","10.09.2025 13:26:35","34E9D6B008579956AE7942D78C37ECA676582385DED46A155EFEC01A66BEF04E"
"C:\Tiptorro\_backup\pre_reset_20250912_0201\printers_forms_TestASCII_20250910_132143.log","3980","10.09.2025 13:21:44","9FA5B5B9433412B9167A9CC4C14536B1988CEB26B8352ECCE450D4FFEA950DF7"
"C:\Tiptorro\_backup\pre_reset_20250912_0201\printers_forms_TestASCII_20250910_132540.log","3980","10.09.2025 13:25:40","8BE59C77002AC5B65A5FB6AF3EA55E8E9F5132692784C55B3D1DEF117859A4CB"
"C:\Tiptorro\_backup\pre_reset_20250912_0201\printer_package_scan_20250910_130544.csv","1181","10.09.2025 13:05:45","E667B2C242E4B8DBA5F2620546405E39095EA7A2603DCF7E59624DE7600F6793"
"C:\Tiptorro\_backup\pre_reset_20250912_0201\printer_package_scan_20250910_130544.log","1472","10.09.2025 13:05:45","B0ABF57D9AF8BF5DEDDB90BF3BD08ADDAEB2282FB8420AD3D0E5B627FB1D6BD8"
"C:\Tiptorro\_backup\pre_reset_20250912_0201\printer_package_scan_summary_20250910_130544.txt","1098","10.09.2025 13:05:45","770460213D0C5987994D3728A7A3898DB817DA7B00E343473D8EE35E7FE1DB15"
"C:\Tiptorro\_backup\pre_reset_20250912_0201\README.md","6334","12.09.2025 00:45:01","27D99CFB8CE510300795E5E5895442AF64BE85ACAE44D74B7F5234424D2D2399"
"C:\Tiptorro\_backup\pre_reset_20250912_0201\reset_20250912_0200.log","230","12.09.2025 02:00:01","76C212059CB059AA9B0CB9F26030701D26C47CA2A38809A57E53133DBB9C86C5"
"C:\Tiptorro\_backup\pre_reset_20250912_0201\reset_20250912_0201.log","536","12.09.2025 02:01:59","8E2F0ECD4D573E9F5DE12D29FDD786071E08BAFD364A8B00D3B82901A0369B5C"
"C:\Tiptorro\_backup\pre_reset_20250912_0201\services_after.csv","117","12.09.2025 02:02:00","750C5DF6AAFE0D259E9D615FC8F93A8B424B58081850C4157DB95C309790EB87"
"C:\Tiptorro\_backup\pre_reset_20250912_0201\services_before.csv","117","12.09.2025 02:02:00","750C5DF6AAFE0D259E9D615FC8F93A8B424B58081850C4157DB95C309790EB87"
"C:\Tiptorro\_backup\pre_reset_20250912_0201\teamviewer_id.log","110","10.09.2025 18:19:51","719899D461330CA3ACB45C12BFF560713833DDE09B150F5B5A9FBA1A512819E4"
"C:\Tiptorro\_backup\pre_reset_20250912_0201\teamviewer_setup_20250910_013630.log","988","10.09.2025 01:36:33","69617D308A0B779D1E5A70A2F2A0751024324AC5EF6D0DA912A4534AB3C8A79C"
"C:\Tiptorro\_backup\pre_reset_20250912_0201\teamviewer_setup_20250910_015633.log","880","10.09.2025 01:56:37","32B2C4E4F32E67FEE8C2B2A5E00188E6FC79907C48315F41FF1145A9BCB33B5F"
"C:\Tiptorro\_export\20250912_0217\edge-policies.reg","1964","12.09.2025 02:17:22","9AF842A9A15BF3B236474FAACAB302B23FAFCFC53B11DCBEE43636F3BB48FB6D"
"C:\Tiptorro\_export\20250912_0217\manifest_basic.csv","52706","12.09.2025 02:17:23","B8DBF683DB6A9C2E1281D3EFC4F373486495D3AFAA6AFC10F7E31208F9C5D268"
"C:\Tiptorro\_export\20250912_0217\manifest_hashes.csv","0","12.09.2025 02:17:23",
"C:\Tiptorro\_export\20250912_0217\os.csv","88","12.09.2025 02:17:23","C87DE7F1BAEA7B6F3E63BF338BFB3FFE2AC60ECCEA4C879E6719F34323DE0B7B"
"C:\Tiptorro\_export\20250912_0217\printers.csv","2344","12.09.2025 02:17:23","C09C70221DCFFB45C2D74EEC6D2A30B24211E36F2895B6EDAADDA57C5574EB00"
"C:\Tiptorro\_export\20250912_0217\services.csv","117","12.09.2025 02:17:23","750C5DF6AAFE0D259E9D615FC8F93A8B424B58081850C4157DB95C309790EB87"
