"FullName","Length","LastWriteTime"
"C:\Tiptorro\.gitattributes","117","11.09.2025 23:14:32"
"C:\Tiptorro\.gitignore","264","11.09.2025 23:14:43"
"C:\Tiptorro\CHANGELOG.md","0","11.09.2025 12:50:01"
"C:\Tiptorro\CHANGELOG.md.bak","0","11.09.2025 12:50:01"
"C:\Tiptorro\links.json","4115","11.09.2025 16:25:27"
"C:\Tiptorro\LiveTv.txt","4064","11.09.2025 16:20:10"
"C:\Tiptorro\README.md","6334","12.09.2025 00:45:01"
"C:\Tiptorro\README.md.bak","6334","12.09.2025 00:45:01"
"C:\Tiptorro\START-HERE.md","4346","11.09.2025 22:55:14"
"C:\Tiptorro\torro_core_20250912_0219.zip","109271","12.09.2025 02:19:19"
"C:\Tiptorro\torro_packages_20250912_0219.zip","415644108","12.09.2025 02:19:35"
"C:\Tiptorro\docs\CHANGELOG.md","5474","12.09.2025 00:45:09"
"C:\Tiptorro\docs\handover-template.md","3015","11.09.2025 13:34:12"
"C:\Tiptorro\docs\ops-playbook.md","11816","12.09.2025 01:10:42"
"C:\Tiptorro\docs\ops-playbook.md.bak","11816","12.09.2025 01:10:42"
"C:\Tiptorro\docs\handover\torro-handover-bundle_2025-09-10.zip","8853","10.09.2025 15:19:09"
"C:\Tiptorro\logs\audit_signatures_20250912_020243.csv","26740","12.09.2025 02:02:46"
"C:\Tiptorro\logs\audit_signatures_20250912_020243.log","20676","12.09.2025 02:02:46"
"C:\Tiptorro\logs\healthcheck_20250912_020240.log","6554","12.09.2025 02:02:42"
"C:\Tiptorro\logs\printers_forms_OneClick_20250912_020513.log","7040","12.09.2025 02:05:18"
"C:\Tiptorro\logs\reset_20250912_0200.log","230","12.09.2025 02:00:01"
"C:\Tiptorro\logs\reset_20250912_0201.log","1088","12.09.2025 02:02:00"
"C:\Tiptorro\packages\MoneyDevices.ps1","2401","10.09.2025 16:05:57"
"C:\Tiptorro\packages\cctalk\ccDLL_Test.exe","258048","21.08.2024 08:05:36"
"C:\Tiptorro\packages\cctalk\ccTalk Devices.exe","311296","21.08.2024 08:05:34"
"C:\Tiptorro\packages\cctalk\CcTalkCommLib.dll","86016","21.08.2024 08:05:34"
"C:\Tiptorro\packages\cctalk\ccTalkTest.exe","54272","21.08.2024 08:05:34"
"C:\Tiptorro\packages\cctalk\clog.log","2250","21.08.2024 08:05:34"
"C:\Tiptorro\packages\cctalk\settings.ini","144","21.08.2024 08:05:34"
"C:\Tiptorro\packages\device-manager\DeviceManager.Host.exe","700416","29.05.2025 16:14:15"
"C:\Tiptorro\packages\device-manager\devicemanager.InstallInfo.txt","340","21.08.2024 08:05:36"
"C:\Tiptorro\packages\device-manager\DeviceManager.Service.Setup.msi","2223616","21.08.2024 08:03:18"
"C:\Tiptorro\packages\device-manager\DMHCommon.dll","50688","29.05.2025 16:14:16"
"C:\Tiptorro\packages\device-manager\setup.exe","533504","21.08.2024 08:05:36"
"C:\Tiptorro\packages\LiveTvLinks\links.json","4115","11.09.2025 16:25:27"
"C:\Tiptorro\packages\printers\epson\driver\Tm-T 88V\EA5Bcd0.dl_","132076","19.02.2020 06:31:45"
"C:\Tiptorro\packages\printers\epson\driver\Tm-T 88V\EA5BcdR0.dl_","8603","19.02.2020 06:31:45"
"C:\Tiptorro\packages\printers\epson\driver\Tm-T 88V\EA5EpucInst.ex_","148734","19.02.2020 06:31:46"
"C:\Tiptorro\packages\printers\epson\driver\Tm-T 88V\ea5instmt88v.cat","17436","31.03.2020 02:13:24"
"C:\Tiptorro\packages\printers\epson\driver\Tm-T 88V\EA5INSTMT88V.INF","6202","06.02.2020 08:42:32"
"C:\Tiptorro\packages\printers\epson\driver\Tm-T 88V\EA5LMTM.DL_","208284","19.02.2020 06:31:47"
"C:\Tiptorro\packages\printers\epson\driver\Tm-T 88V\EA5LMTMT88V.dat","299","08.01.2020 01:48:55"
"C:\Tiptorro\packages\printers\epson\driver\Tm-T 88V\EA5MDLTMT88V.GP_","4745","19.02.2020 06:31:43"
"C:\Tiptorro\packages\printers\epson\driver\Tm-T 88V\EA5PIITMT88V.IN_","233","19.02.2020 06:31:43"
"C:\Tiptorro\packages\printers\epson\driver\Tm-T 88V\EA5RDPTM.DL_","255913","19.02.2020 06:31:47"
"C:\Tiptorro\packages\printers\epson\driver\Tm-T 88V\EA5RESTMT88V.DL_","128751","19.02.2020 06:31:45"
"C:\Tiptorro\packages\printers\epson\driver\Tm-T 88V\EA5UIPTM.DL_","272337","19.02.2020 06:31:49"
"C:\Tiptorro\packages\printers\epson\driver\Tm-T88IV\APD4PrinterDriver.ini","128845","26.06.2019 10:42:22"
"C:\Tiptorro\packages\printers\epson\driver\Tm-T88IV\EAPBcd0.dll","276480","27.10.2017 01:49:56"
"C:\Tiptorro\packages\printers\epson\driver\Tm-T88IV\EAPBcdR0.dll","18944","27.10.2017 01:50:16"
"C:\Tiptorro\packages\printers\epson\driver\Tm-T88IV\EAPctled.exe","82120","24.03.2020 06:28:52"
"C:\Tiptorro\packages\printers\epson\driver\Tm-T88IV\EAPCtled0e.chm","62317","15.03.2009 17:00:00"
"C:\Tiptorro\packages\printers\epson\driver\Tm-T88IV\EAPCtled0j.chm","64101","15.03.2009 17:00:00"
"C:\Tiptorro\packages\printers\epson\driver\Tm-T88IV\EAPd027e.DAT","1161","23.03.2020 21:00:00"
"C:\Tiptorro\packages\printers\epson\driver\Tm-T88IV\EAPd037e.DAT","1161","23.03.2020 21:00:00"
"C:\Tiptorro\packages\printers\epson\driver\Tm-T88IV\EAPd057e.DAT","1272","23.03.2020 21:00:00"
"C:\Tiptorro\packages\printers\epson\driver\Tm-T88IV\EAPd067e.DAT","1272","23.03.2020 21:00:00"
"C:\Tiptorro\packages\printers\epson\driver\Tm-T88IV\EAPd077e.DAT","1738","23.03.2020 21:00:00"
"C:\Tiptorro\packages\printers\epson\driver\Tm-T88IV\EAPd087e.DAT","1732","23.03.2020 21:00:00"
"C:\Tiptorro\packages\printers\epson\driver\Tm-T88IV\EAPd127e.DAT","1272","23.03.2020 21:00:00"
"C:\Tiptorro\packages\printers\epson\driver\Tm-T88IV\EAPd137e.DAT","1272","23.03.2020 21:00:00"
"C:\Tiptorro\packages\printers\epson\driver\Tm-T88IV\EAPd217e.DAT","1601","23.03.2020 21:00:00"
"C:\Tiptorro\packages\printers\epson\driver\Tm-T88IV\EAPd217j.DAT","1600","23.03.2020 21:00:00"
"C:\Tiptorro\packages\printers\epson\driver\Tm-T88IV\EAPd217s.DAT","1598","23.03.2020 21:00:00"
"C:\Tiptorro\packages\printers\epson\driver\Tm-T88IV\EAPd217t.DAT","1598","23.03.2020 21:00:00"
"C:\Tiptorro\packages\printers\epson\driver\Tm-T88IV\EAPd227e.DAT","1077","23.03.2020 21:00:00"
"C:\Tiptorro\packages\printers\epson\driver\Tm-T88IV\EAPd237e.DAT","1379","23.03.2020 21:00:00"
"C:\Tiptorro\packages\printers\epson\driver\Tm-T88IV\EAPd257e.DAT","1470","23.03.2020 21:00:00"
"C:\Tiptorro\packages\printers\epson\driver\Tm-T88IV\EAPd267e.DAT","1506","23.03.2020 21:00:00"
"C:\Tiptorro\packages\printers\epson\driver\Tm-T88IV\EAPd347e.DAT","1161","23.03.2020 21:00:00"
"C:\Tiptorro\packages\printers\epson\driver\Tm-T88IV\EAPd357e.DAT","1272","23.03.2020 21:00:00"
"C:\Tiptorro\packages\printers\epson\driver\Tm-T88IV\EAPd387e.DAT","1551","23.03.2020 21:00:00"
"C:\Tiptorro\packages\printers\epson\driver\Tm-T88IV\EAPd397e.DAT","1272","23.03.2020 21:00:00"
"C:\Tiptorro\packages\printers\epson\driver\Tm-T88IV\EAPd3b7e.DAT","1272","23.03.2020 21:00:00"
"C:\Tiptorro\packages\printers\epson\driver\Tm-T88IV\EAPd3C7e.DAT","1272","23.03.2020 21:00:00"
"C:\Tiptorro\packages\printers\epson\driver\Tm-T88IV\EAPd3d7e.DAT","1777","23.03.2020 21:00:00"
"C:\Tiptorro\packages\printers\epson\driver\Tm-T88IV\EAPd3d7j.DAT","1783","23.03.2020 21:00:00"
"C:\Tiptorro\packages\printers\epson\driver\Tm-T88IV\EAPd3d7s.DAT","1776","23.03.2020 21:00:00"
"C:\Tiptorro\packages\printers\epson\driver\Tm-T88IV\EAPd3d7sa.DAT","1813","23.03.2020 21:00:00"
"C:\Tiptorro\packages\printers\epson\driver\Tm-T88IV\EAPd3d7t.DAT","1776","23.03.2020 21:00:00"
"C:\Tiptorro\packages\printers\epson\driver\Tm-T88IV\EAPd3e7e.DAT","1772","23.03.2020 21:00:00"
"C:\Tiptorro\packages\printers\epson\driver\Tm-T88IV\EAPd3e7j.DAT","1776","23.03.2020 21:00:00"
"C:\Tiptorro\packages\printers\epson\driver\Tm-T88IV\EAPd427e.DAT","1077","23.03.2020 21:00:00"
"C:\Tiptorro\packages\printers\epson\driver\Tm-T88IV\EAPd437e.DAT","1077","23.03.2020 21:00:00"
"C:\Tiptorro\packages\printers\epson\driver\Tm-T88IV\EAPd447e.DAT","1075","23.03.2020 21:00:00"
"C:\Tiptorro\packages\printers\epson\driver\Tm-T88IV\EAPd457e.DAT","1077","23.03.2020 21:00:00"
"C:\Tiptorro\packages\printers\epson\driver\Tm-T88IV\EAPd467e.DAT","1251","23.03.2020 21:00:00"
"C:\Tiptorro\packages\printers\epson\driver\Tm-T88IV\EAPd477e.DAT","1077","23.03.2020 21:00:00"
"C:\Tiptorro\packages\printers\epson\driver\Tm-T88IV\EAPd487e.DAT","1529","23.03.2020 21:00:00"
"C:\Tiptorro\packages\printers\epson\driver\Tm-T88IV\EAPd497e.DAT","1251","23.03.2020 21:00:00"
"C:\Tiptorro\packages\printers\epson\driver\Tm-T88IV\EAPd4a7e.DAT","1077","23.03.2020 21:00:00"
"C:\Tiptorro\packages\printers\epson\driver\Tm-T88IV\EAPd4C7e.DAT","1272","23.03.2020 21:00:00"
"C:\Tiptorro\packages\printers\epson\driver\Tm-T88IV\EAPd4d7e.dat","1167","23.03.2020 21:00:00"
"C:\Tiptorro\packages\printers\epson\driver\Tm-T88IV\EAPd637e.DAT","1272","23.03.2020 21:00:00"
"C:\Tiptorro\packages\printers\epson\driver\Tm-T88IV\EAPd647e.DAT","1606","23.03.2020 21:00:00"
"C:\Tiptorro\packages\printers\epson\driver\Tm-T88IV\EAPd647j.DAT","1614","23.03.2020 21:00:00"
"C:\Tiptorro\packages\printers\epson\driver\Tm-T88IV\EAPd647s.DAT","1605","23.03.2020 21:00:00"
"C:\Tiptorro\packages\printers\epson\driver\Tm-T88IV\EAPd647t.DAT","1605","23.03.2020 21:00:00"
"C:\Tiptorro\packages\printers\epson\driver\Tm-T88IV\EAPd717e.DAT","1272","23.03.2020 21:00:00"
"C:\Tiptorro\packages\printers\epson\driver\Tm-T88IV\EAPd727e.DAT","1272","23.03.2020 21:00:00"
"C:\Tiptorro\packages\printers\epson\driver\Tm-T88IV\EAPd737e.DAT","1272","23.03.2020 21:00:00"
"C:\Tiptorro\packages\printers\epson\driver\Tm-T88IV\EAPd747e.DAT","1514","23.03.2020 21:00:00"
"C:\Tiptorro\packages\printers\epson\driver\Tm-T88IV\EAPd747j.DAT","1513","23.03.2020 21:00:00"
"C:\Tiptorro\packages\printers\epson\driver\Tm-T88IV\EAPd817e.DAT","1274","23.03.2020 21:00:00"
"C:\Tiptorro\packages\printers\epson\driver\Tm-T88IV\EAPd837e.DAT","1274","23.03.2020 21:00:00"
"C:\Tiptorro\packages\printers\epson\driver\Tm-T88IV\EAPd857e.DAT","1274","23.03.2020 21:00:00"
"C:\Tiptorro\packages\printers\epson\driver\Tm-T88IV\EAPd917e.DAT","1320","23.03.2020 21:00:00"
"C:\Tiptorro\packages\printers\epson\driver\Tm-T88IV\EAPdA07e.DAT","1515","23.03.2020 21:00:00"
"C:\Tiptorro\packages\printers\epson\driver\Tm-T88IV\EAPdA17e.DAT","1265","23.03.2020 21:00:00"
"C:\Tiptorro\packages\printers\epson\driver\Tm-T88IV\EAPdA17j.DAT","1357","23.03.2020 21:00:00"
"C:\Tiptorro\packages\printers\epson\driver\Tm-T88IV\EAPdAB7e.DAT","1167","23.03.2020 21:00:00"
"C:\Tiptorro\packages\printers\epson\driver\Tm-T88IV\EAPdmsg0.exe","44032","24.03.2020 02:20:16"
"C:\Tiptorro\packages\printers\epson\driver\Tm-T88IV\EAPDMSG00.EXE","148992","15.03.2009 17:00:00"
"C:\Tiptorro\packages\printers\epson\driver\Tm-T88IV\EAPdpc0.DLL","270848","24.03.2020 02:20:36"
"C:\Tiptorro\packages\printers\epson\driver\Tm-T88IV\EAPDRV03X.CFG","1134","01.12.2009 17:00:00"
"C:\Tiptorro\packages\printers\epson\driver\Tm-T88IV\EAPDRV03X.DAT","1316","01.12.2009 17:00:00"
"C:\Tiptorro\packages\printers\epson\driver\Tm-T88IV\EAPDRV03X.VIF","2184","15.03.2009 17:00:00"
"C:\Tiptorro\packages\printers\epson\driver\Tm-T88IV\EAPDSP03X.DLL","68608","14.11.2013 01:08:46"
"C:\Tiptorro\packages\printers\epson\driver\Tm-T88IV\EAPHLP0.chm","85989","24.02.2010 17:00:00"
"C:\Tiptorro\packages\printers\epson\driver\Tm-T88IV\EAPHLP0CSYEndorse.chm","83213","24.02.2010 17:00:00"
"C:\Tiptorro\packages\printers\epson\driver\Tm-T88IV\EAPHLP0CSYImpact.chm","61568","24.02.2010 17:00:00"
"C:\Tiptorro\packages\printers\epson\driver\Tm-T88IV\EAPHLP0CSYInk.chm","86781","24.02.2010 17:00:00"
"C:\Tiptorro\packages\printers\epson\driver\Tm-T88IV\EAPHLP0CSYLabel.chm","88151","24.02.2010 17:00:00"
"C:\Tiptorro\packages\printers\epson\driver\Tm-T88IV\EAPHLP0CSYSlip.chm","62928","24.02.2010 17:00:00"
"C:\Tiptorro\packages\printers\epson\driver\Tm-T88IV\EAPHLP0CSYSlipRotate.chm","50018","24.02.2010 17:00:00"
"C:\Tiptorro\packages\printers\epson\driver\Tm-T88IV\EAPHLP0CSYThermal.chm","88437","24.02.2010 17:00:00"
"C:\Tiptorro\packages\printers\epson\driver\Tm-T88IV\EAPHLP0CSYValidation.chm","63250","24.02.2010 17:00:00"
"C:\Tiptorro\packages\printers\epson\driver\Tm-T88IV\EAPHLP0DANEndorse.chm","79871","24.02.2010 17:00:00"
"C:\Tiptorro\packages\printers\epson\driver\Tm-T88IV\EAPHLP0DANImpact.chm","58794","24.02.2010 17:00:00"
"C:\Tiptorro\packages\printers\epson\driver\Tm-T88IV\EAPHLP0DANInk.chm","82165","24.02.2010 17:00:00"
"C:\Tiptorro\packages\printers\epson\driver\Tm-T88IV\EAPHLP0DANLabel.chm","85087","24.02.2010 17:00:00"
"C:\Tiptorro\packages\printers\epson\driver\Tm-T88IV\EAPHLP0DANSlip.chm","61238","24.02.2010 17:00:00"
"C:\Tiptorro\packages\printers\epson\driver\Tm-T88IV\EAPHLP0DANSlipRotate.chm","47890","24.02.2010 17:00:00"
"C:\Tiptorro\packages\printers\epson\driver\Tm-T88IV\EAPHLP0DANThermal.chm","91731","24.02.2010 17:00:00"
"C:\Tiptorro\packages\printers\epson\driver\Tm-T88IV\EAPHLP0DANValidation.chm","62030","24.02.2010 17:00:00"
"C:\Tiptorro\packages\printers\epson\driver\Tm-T88IV\EAPHLP0DEUEndorse.chm","82075","24.02.2010 17:00:00"
"C:\Tiptorro\packages\printers\epson\driver\Tm-T88IV\EAPHLP0DEUImpact.chm","61402","24.02.2010 17:00:00"
"C:\Tiptorro\packages\printers\epson\driver\Tm-T88IV\EAPHLP0DEUInk.chm","87319","24.02.2010 17:00:00"
"C:\Tiptorro\packages\printers\epson\driver\Tm-T88IV\EAPHLP0DEULabel.chm","87957","24.02.2010 17:00:00"
"C:\Tiptorro\packages\printers\epson\driver\Tm-T88IV\EAPHLP0DEUSlip.chm","64318","24.02.2010 17:00:00"
"C:\Tiptorro\packages\printers\epson\driver\Tm-T88IV\EAPHLP0DEUSlipRotate.chm","50550","24.02.2010 17:00:00"
"C:\Tiptorro\packages\printers\epson\driver\Tm-T88IV\EAPHLP0DEUThermal.chm","96767","24.02.2010 17:00:00"
"C:\Tiptorro\packages\printers\epson\driver\Tm-T88IV\EAPHLP0DEUValidation.chm","64954","24.02.2010 17:00:00"
"C:\Tiptorro\packages\printers\epson\driver\Tm-T88IV\EAPHLP0EEndorse.chm","76647","24.02.2010 17:00:00"
"C:\Tiptorro\packages\printers\epson\driver\Tm-T88IV\EAPHLP0EImpact.chm","56000","24.02.2010 17:00:00"
"C:\Tiptorro\packages\printers\epson\driver\Tm-T88IV\EAPHLP0EInk.chm","78525","24.02.2010 17:00:00"
"C:\Tiptorro\packages\printers\epson\driver\Tm-T88IV\EAPHLP0ELabel.chm","80503","24.02.2010 17:00:00"
"C:\Tiptorro\packages\printers\epson\driver\Tm-T88IV\EAPHLP0ESFEndorse.chm","78477","24.02.2010 17:00:00"
"C:\Tiptorro\packages\printers\epson\driver\Tm-T88IV\EAPHLP0ESFImpact.chm","58270","24.02.2010 17:00:00"
"C:\Tiptorro\packages\printers\epson\driver\Tm-T88IV\EAPHLP0ESFInk.chm","83017","24.02.2010 17:00:00"
"C:\Tiptorro\packages\printers\epson\driver\Tm-T88IV\EAPHLP0ESFLabel.chm","83749","24.02.2010 17:00:00"
"C:\Tiptorro\packages\printers\epson\driver\Tm-T88IV\EAPHLP0ESFSlip.chm","61324","24.02.2010 17:00:00"
"C:\Tiptorro\packages\printers\epson\driver\Tm-T88IV\EAPHLP0ESFSlipRotate.chm","48438","24.02.2010 17:00:00"
"C:\Tiptorro\packages\printers\epson\driver\Tm-T88IV\EAPHLP0ESFThermal.chm","91441","24.02.2010 17:00:00"
"C:\Tiptorro\packages\printers\epson\driver\Tm-T88IV\EAPHLP0ESFValidation.chm","61848","24.02.2010 17:00:00"
"C:\Tiptorro\packages\printers\epson\driver\Tm-T88IV\EAPHLP0ESlip.chm","58176","24.02.2010 17:00:00"
"C:\Tiptorro\packages\printers\epson\driver\Tm-T88IV\EAPHLP0ESlipRotate.chm","45680","24.02.2010 17:00:00"
"C:\Tiptorro\packages\printers\epson\driver\Tm-T88IV\EAPHLP0EThermal.chm","85989","24.02.2010 17:00:00"
"C:\Tiptorro\packages\printers\epson\driver\Tm-T88IV\EAPHLP0EValidation.chm","59130","24.02.2010 17:00:00"
"C:\Tiptorro\packages\printers\epson\driver\Tm-T88IV\EAPHLP0FINEndorse.chm","76938","24.02.2010 17:00:00"
"C:\Tiptorro\packages\printers\epson\driver\Tm-T88IV\EAPHLP0FINImpact.chm","57079","24.02.2010 17:00:00"
"C:\Tiptorro\packages\printers\epson\driver\Tm-T88IV\EAPHLP0FINInk.chm","80924","24.02.2010 17:00:00"
"C:\Tiptorro\packages\printers\epson\driver\Tm-T88IV\EAPHLP0FINLabel.chm","82528","24.02.2010 17:00:00"
"C:\Tiptorro\packages\printers\epson\driver\Tm-T88IV\EAPHLP0FINSlip.chm","59629","24.02.2010 17:00:00"
"C:\Tiptorro\packages\printers\epson\driver\Tm-T88IV\EAPHLP0FINSlipRotate.chm","46993","24.02.2010 17:00:00"
"C:\Tiptorro\packages\printers\epson\driver\Tm-T88IV\EAPHLP0FINThermal.chm","89612","24.02.2010 17:00:00"
"C:\Tiptorro\packages\printers\epson\driver\Tm-T88IV\EAPHLP0FINValidation.chm","60001","24.02.2010 17:00:00"
"C:\Tiptorro\packages\printers\epson\driver\Tm-T88IV\EAPHLP0FRAEndorse.chm","81451","24.02.2010 17:00:00"
"C:\Tiptorro\packages\printers\epson\driver\Tm-T88IV\EAPHLP0FRAImpact.chm","60994","24.02.2010 17:00:00"
"C:\Tiptorro\packages\printers\epson\driver\Tm-T88IV\EAPHLP0FRAInk.chm","86183","24.02.2010 17:00:00"
"C:\Tiptorro\packages\printers\epson\driver\Tm-T88IV\EAPHLP0FRALabel.chm","86725","24.02.2010 17:00:00"
"C:\Tiptorro\packages\printers\epson\driver\Tm-T88IV\EAPHLP0FRASlip.chm","63292","24.02.2010 17:00:00"
"C:\Tiptorro\packages\printers\epson\driver\Tm-T88IV\EAPHLP0FRASlipRotate.chm","50124","24.02.2010 17:00:00"
"C:\Tiptorro\packages\printers\epson\driver\Tm-T88IV\EAPHLP0FRAThermal.chm","95219","24.02.2010 17:00:00"
"C:\Tiptorro\packages\printers\epson\driver\Tm-T88IV\EAPHLP0FRAValidation.chm","63070","24.02.2010 17:00:00"
"C:\Tiptorro\packages\printers\epson\driver\Tm-T88IV\EAPHLP0HRVEndorse.chm","80202","24.02.2010 17:00:00"
"C:\Tiptorro\packages\printers\epson\driver\Tm-T88IV\EAPHLP0HRVImpact.chm","58881","24.02.2010 17:00:00"
"C:\Tiptorro\packages\printers\epson\driver\Tm-T88IV\EAPHLP0HRVInk.chm","82124","24.02.2010 17:00:00"
"C:\Tiptorro\packages\printers\epson\driver\Tm-T88IV\EAPHLP0HRVLabel.chm","84450","24.02.2010 17:00:00"
"C:\Tiptorro\packages\printers\epson\driver\Tm-T88IV\EAPHLP0HRVSlip.chm","61287","24.02.2010 17:00:00"
"C:\Tiptorro\packages\printers\epson\driver\Tm-T88IV\EAPHLP0HRVSlipRotate.chm","47707","24.02.2010 17:00:00"
"C:\Tiptorro\packages\printers\epson\driver\Tm-T88IV\EAPHLP0HRVThermal.chm","90220","24.02.2010 17:00:00"
"C:\Tiptorro\packages\printers\epson\driver\Tm-T88IV\EAPHLP0HRVValidation.chm","62109","24.02.2010 17:00:00"
"C:\Tiptorro\packages\printers\epson\driver\Tm-T88IV\EAPHLP0HUNEndorse.chm","84263","24.02.2010 17:00:00"
"C:\Tiptorro\packages\printers\epson\driver\Tm-T88IV\EAPHLP0HUNImpact.chm","62552","24.02.2010 17:00:00"
"C:\Tiptorro\packages\printers\epson\driver\Tm-T88IV\EAPHLP0HUNInk.chm","89001","24.02.2010 17:00:00"
"C:\Tiptorro\packages\printers\epson\driver\Tm-T88IV\EAPHLP0HUNLabel.chm","90479","24.02.2010 17:00:00"
"C:\Tiptorro\packages\printers\epson\driver\Tm-T88IV\EAPHLP0HUNSlip.chm","64678","24.02.2010 17:00:00"
"C:\Tiptorro\packages\printers\epson\driver\Tm-T88IV\EAPHLP0HUNSlipRotate.chm","50354","24.02.2010 17:00:00"
"C:\Tiptorro\packages\printers\epson\driver\Tm-T88IV\EAPHLP0HUNThermal.chm","98839","24.02.2010 17:00:00"
"C:\Tiptorro\packages\printers\epson\driver\Tm-T88IV\EAPHLP0HUNValidation.chm","66260","24.02.2010 17:00:00"
"C:\Tiptorro\packages\printers\epson\driver\Tm-T88IV\EAPHLP0ITAEndorse.chm","80831","24.02.2010 17:00:00"
"C:\Tiptorro\packages\printers\epson\driver\Tm-T88IV\EAPHLP0ITAImpact.chm","59342","24.02.2010 17:00:00"
"C:\Tiptorro\packages\printers\epson\driver\Tm-T88IV\EAPHLP0ITAInk.chm","84129","24.02.2010 17:00:00"
"C:\Tiptorro\packages\printers\epson\driver\Tm-T88IV\EAPHLP0ITALabel.chm","85355","24.02.2010 17:00:00"
"C:\Tiptorro\packages\printers\epson\driver\Tm-T88IV\EAPHLP0ITASlip.chm","62368","24.02.2010 17:00:00"
"C:\Tiptorro\packages\printers\epson\driver\Tm-T88IV\EAPHLP0ITASlipRotate.chm","49222","24.02.2010 17:00:00"
"C:\Tiptorro\packages\printers\epson\driver\Tm-T88IV\EAPHLP0ITAThermal.chm","93577","24.02.2010 17:00:00"
"C:\Tiptorro\packages\printers\epson\driver\Tm-T88IV\EAPHLP0ITAValidation.chm","63060","24.02.2010 17:00:00"
"C:\Tiptorro\packages\printers\epson\driver\Tm-T88IV\EAPHLP0JEndorse.chm","87943","24.02.2010 17:00:00"
"C:\Tiptorro\packages\printers\epson\driver\Tm-T88IV\EAPHLP0JImpact.chm","65228","24.02.2010 17:00:00"
"C:\Tiptorro\packages\printers\epson\driver\Tm-T88IV\EAPHLP0JInk.chm","77845","24.02.2010 17:00:00"
"C:\Tiptorro\packages\printers\epson\driver\Tm-T88IV\EAPHLP0JLabel.chm","94323","24.02.2010 17:00:00"
"C:\Tiptorro\packages\printers\epson\driver\Tm-T88IV\EAPHLP0JSlip.chm","67054","24.02.2010 17:00:00"
"C:\Tiptorro\packages\printers\epson\driver\Tm-T88IV\EAPHLP0JSlipRotate.chm","50706","24.02.2010 17:00:00"
"C:\Tiptorro\packages\printers\epson\driver\Tm-T88IV\EAPHLP0JThermal.chm","101161","24.02.2010 17:00:00"
"C:\Tiptorro\packages\printers\epson\driver\Tm-T88IV\EAPHLP0JValidation.chm","68274","24.02.2010 17:00:00"
"C:\Tiptorro\packages\printers\epson\driver\Tm-T88IV\EAPHLP0KOREndorse.chm","89346","24.02.2010 17:00:00"
"C:\Tiptorro\packages\printers\epson\driver\Tm-T88IV\EAPHLP0KORImpact.chm","65093","24.02.2010 17:00:00"
"C:\Tiptorro\packages\printers\epson\driver\Tm-T88IV\EAPHLP0KORInk.chm","91342","24.02.2010 17:00:00"
"C:\Tiptorro\packages\printers\epson\driver\Tm-T88IV\EAPHLP0KORLabel.chm","95276","24.02.2010 17:00:00"
"C:\Tiptorro\packages\printers\epson\driver\Tm-T88IV\EAPHLP0KORSlip.chm","68373","24.02.2010 17:00:00"
"C:\Tiptorro\packages\printers\epson\driver\Tm-T88IV\EAPHLP0KORSlipRotate.chm","52025","24.02.2010 17:00:00"
"C:\Tiptorro\packages\printers\epson\driver\Tm-T88IV\EAPHLP0KORThermal.chm","103192","24.02.2010 17:00:00"
"C:\Tiptorro\packages\printers\epson\driver\Tm-T88IV\EAPHLP0KORValidation.chm","68991","24.02.2010 17:00:00"
"C:\Tiptorro\packages\printers\epson\driver\Tm-T88IV\EAPHLP0NLDEndorse.chm","81268","24.02.2010 17:00:00"
"C:\Tiptorro\packages\printers\epson\driver\Tm-T88IV\EAPHLP0NLDImpact.chm","60851","24.02.2010 17:00:00"
"C:\Tiptorro\packages\printers\epson\driver\Tm-T88IV\EAPHLP0NLDInk.chm","85126","24.02.2010 17:00:00"
"C:\Tiptorro\packages\printers\epson\driver\Tm-T88IV\EAPHLP0NLDLabel.chm","86862","24.02.2010 17:00:00"
"C:\Tiptorro\packages\printers\epson\driver\Tm-T88IV\EAPHLP0NLDSlip.chm","63247","24.02.2010 17:00:00"
"C:\Tiptorro\packages\printers\epson\driver\Tm-T88IV\EAPHLP0NLDSlipRotate.chm","49851","24.02.2010 17:00:00"
"C:\Tiptorro\packages\printers\epson\driver\Tm-T88IV\EAPHLP0NLDThermal.chm","94752","24.02.2010 17:00:00"
"C:\Tiptorro\packages\printers\epson\driver\Tm-T88IV\EAPHLP0NLDValidation.chm","64301","24.02.2010 17:00:00"
"C:\Tiptorro\packages\printers\epson\driver\Tm-T88IV\EAPHLP0NONEndorse.chm","78170","24.02.2010 17:00:00"
"C:\Tiptorro\packages\printers\epson\driver\Tm-T88IV\EAPHLP0NONImpact.chm","57937","24.02.2010 17:00:00"
"C:\Tiptorro\packages\printers\epson\driver\Tm-T88IV\EAPHLP0NONInk.chm","79398","24.02.2010 17:00:00"
"C:\Tiptorro\packages\printers\epson\driver\Tm-T88IV\EAPHLP0NONLabel.chm","83428","24.02.2010 17:00:00"
"C:\Tiptorro\packages\printers\epson\driver\Tm-T88IV\EAPHLP0NONSlip.chm","59691","24.02.2010 17:00:00"
"C:\Tiptorro\packages\printers\epson\driver\Tm-T88IV\EAPHLP0NONSlipRotate.chm","46941","24.02.2010 17:00:00"
"C:\Tiptorro\packages\printers\epson\driver\Tm-T88IV\EAPHLP0NONThermal.chm","89548","24.02.2010 17:00:00"
"C:\Tiptorro\packages\printers\epson\driver\Tm-T88IV\EAPHLP0NONValidation.chm","60569","24.02.2010 17:00:00"
"C:\Tiptorro\packages\printers\epson\driver\Tm-T88IV\EAPHLP0PTGEndorse.chm","79875","24.02.2010 17:00:00"
"C:\Tiptorro\packages\printers\epson\driver\Tm-T88IV\EAPHLP0PTGImpact.chm","59480","24.02.2010 17:00:00"
"C:\Tiptorro\packages\printers\epson\driver\Tm-T88IV\EAPHLP0PTGInk.chm","84713","24.02.2010 17:00:00"
"C:\Tiptorro\packages\printers\epson\driver\Tm-T88IV\EAPHLP0PTGLabel.chm","84497","24.02.2010 17:00:00"
"C:\Tiptorro\packages\printers\epson\driver\Tm-T88IV\EAPHLP0PTGSlip.chm","62234","24.02.2010 17:00:00"
"C:\Tiptorro\packages\printers\epson\driver\Tm-T88IV\EAPHLP0PTGSlipRotate.chm","49174","24.02.2010 17:00:00"
"C:\Tiptorro\packages\printers\epson\driver\Tm-T88IV\EAPHLP0PTGThermal.chm","93325","24.02.2010 17:00:00"
"C:\Tiptorro\packages\printers\epson\driver\Tm-T88IV\EAPHLP0PTGValidation.chm","62542","24.02.2010 17:00:00"
"C:\Tiptorro\packages\printers\epson\driver\Tm-T88IV\EAPHLP0RUSEndorse.chm","67360","24.02.2010 17:00:00"
"C:\Tiptorro\packages\printers\epson\driver\Tm-T88IV\EAPHLP0RUSImpact.chm","49117","24.02.2010 17:00:00"
"C:\Tiptorro\packages\printers\epson\driver\Tm-T88IV\EAPHLP0RUSInk.chm","71032","24.02.2010 17:00:00"
"C:\Tiptorro\packages\printers\epson\driver\Tm-T88IV\EAPHLP0RUSLabel.chm","72460","24.02.2010 17:00:00"
"C:\Tiptorro\packages\printers\epson\driver\Tm-T88IV\EAPHLP0RUSSlip.chm","51059","24.02.2010 17:00:00"
"C:\Tiptorro\packages\printers\epson\driver\Tm-T88IV\EAPHLP0RUSSlipRotate.chm","41615","24.02.2010 17:00:00"
"C:\Tiptorro\packages\printers\epson\driver\Tm-T88IV\EAPHLP0RUSThermal.chm","77562","24.02.2010 17:00:00"
"C:\Tiptorro\packages\printers\epson\driver\Tm-T88IV\EAPHLP0RUSValidation.chm","52621","24.02.2010 17:00:00"
"C:\Tiptorro\packages\printers\epson\driver\Tm-T88IV\EAPHLP0SCEndorse.chm","70171","24.02.2010 17:00:00"
"C:\Tiptorro\packages\printers\epson\driver\Tm-T88IV\EAPHLP0SCImpact.chm","53174","24.02.2010 17:00:00"
"C:\Tiptorro\packages\printers\epson\driver\Tm-T88IV\EAPHLP0SCInk.chm","71655","24.02.2010 17:00:00"
"C:\Tiptorro\packages\printers\epson\driver\Tm-T88IV\EAPHLP0SCLabel.chm","74663","24.02.2010 17:00:00"
"C:\Tiptorro\packages\printers\epson\driver\Tm-T88IV\EAPHLP0SCSlip.chm","53188","24.02.2010 17:00:00"
"C:\Tiptorro\packages\printers\epson\driver\Tm-T88IV\EAPHLP0SCSlipRotate.chm","42226","24.02.2010 17:00:00"
"C:\Tiptorro\packages\printers\epson\driver\Tm-T88IV\EAPHLP0SCThermal.chm","78483","24.02.2010 17:00:00"
"C:\Tiptorro\packages\printers\epson\driver\Tm-T88IV\EAPHLP0SCValidation.chm","53296","24.02.2010 17:00:00"
"C:\Tiptorro\packages\printers\epson\driver\Tm-T88IV\EAPHLP0SLVEndorse.chm","81587","24.02.2010 17:00:00"
"C:\Tiptorro\packages\printers\epson\driver\Tm-T88IV\EAPHLP0SLVImpact.chm","60282","24.02.2010 17:00:00"
"C:\Tiptorro\packages\printers\epson\driver\Tm-T88IV\EAPHLP0SLVInk.chm","83161","24.02.2010 17:00:00"
"C:\Tiptorro\packages\printers\epson\driver\Tm-T88IV\EAPHLP0SLVLabel.chm","86995","24.02.2010 17:00:00"
"C:\Tiptorro\packages\printers\epson\driver\Tm-T88IV\EAPHLP0SLVSlip.chm","62546","24.02.2010 17:00:00"
"C:\Tiptorro\packages\printers\epson\driver\Tm-T88IV\EAPHLP0SLVSlipRotate.chm","48518","24.02.2010 17:00:00"
"C:\Tiptorro\packages\printers\epson\driver\Tm-T88IV\EAPHLP0SLVThermal.chm","93365","24.02.2010 17:00:00"
"C:\Tiptorro\packages\printers\epson\driver\Tm-T88IV\EAPHLP0SLVValidation.chm","63388","24.02.2010 17:00:00"
"C:\Tiptorro\packages\printers\epson\driver\Tm-T88IV\EAPHLP0SVEEndorse.chm","77204","24.02.2010 17:00:00"
"C:\Tiptorro\packages\printers\epson\driver\Tm-T88IV\EAPHLP0SVEImpact.chm","57197","24.02.2010 17:00:00"
"C:\Tiptorro\packages\printers\epson\driver\Tm-T88IV\EAPHLP0SVEInk.chm","78626","24.02.2010 17:00:00"
"C:\Tiptorro\packages\printers\epson\driver\Tm-T88IV\EAPHLP0SVELabel.chm","82352","24.02.2010 17:00:00"
"C:\Tiptorro\packages\printers\epson\driver\Tm-T88IV\EAPHLP0SVESlip.chm","58937","24.02.2010 17:00:00"
"C:\Tiptorro\packages\printers\epson\driver\Tm-T88IV\EAPHLP0SVESlipRotate.chm","46239","24.02.2010 17:00:00"
"C:\Tiptorro\packages\printers\epson\driver\Tm-T88IV\EAPHLP0SVEThermal.chm","88922","24.02.2010 17:00:00"
"C:\Tiptorro\packages\printers\epson\driver\Tm-T88IV\EAPHLP0SVEValidation.chm","59859","24.02.2010 17:00:00"
"C:\Tiptorro\packages\printers\epson\driver\Tm-T88IV\EAPHLP0TCEndorse.chm","76765","24.02.2010 17:00:00"
"C:\Tiptorro\packages\printers\epson\driver\Tm-T88IV\EAPHLP0TCImpact.chm","57670","24.02.2010 17:00:00"
"C:\Tiptorro\packages\printers\epson\driver\Tm-T88IV\EAPHLP0TCInk.chm","78607","24.02.2010 17:00:00"
"C:\Tiptorro\packages\printers\epson\driver\Tm-T88IV\EAPHLP0TCLabel.chm","81849","24.02.2010 17:00:00"
"C:\Tiptorro\packages\printers\epson\driver\Tm-T88IV\EAPHLP0TCSlip.chm","58058","24.02.2010 17:00:00"
"C:\Tiptorro\packages\printers\epson\driver\Tm-T88IV\EAPHLP0TCSlipRotate.chm","45546","24.02.2010 17:00:00"
"C:\Tiptorro\packages\printers\epson\driver\Tm-T88IV\EAPHLP0TCThermal.chm","86297","24.02.2010 17:00:00"
"C:\Tiptorro\packages\printers\epson\driver\Tm-T88IV\EAPHLP0TCValidation.chm","58236","24.02.2010 17:00:00"
"C:\Tiptorro\packages\printers\epson\driver\Tm-T88IV\EAPHLP0THAEndorse.chm","66354","24.02.2010 17:00:00"
"C:\Tiptorro\packages\printers\epson\driver\Tm-T88IV\EAPHLP0THAImpact.chm","46686","24.02.2010 17:00:00"
"C:\Tiptorro\packages\printers\epson\driver\Tm-T88IV\EAPHLP0THAInk.chm","67454","24.02.2010 17:00:00"
"C:\Tiptorro\packages\printers\epson\driver\Tm-T88IV\EAPHLP0THALabel.chm","70056","24.02.2010 17:00:00"
"C:\Tiptorro\packages\printers\epson\driver\Tm-T88IV\EAPHLP0THASlip.chm","48241","24.02.2010 17:00:00"
"C:\Tiptorro\packages\printers\epson\driver\Tm-T88IV\EAPHLP0THASlipRotate.chm","39409","24.02.2010 17:00:00"
"C:\Tiptorro\packages\printers\epson\driver\Tm-T88IV\EAPHLP0THAThermal.chm","73366","24.02.2010 17:00:00"
"C:\Tiptorro\packages\printers\epson\driver\Tm-T88IV\EAPHLP0THAValidation.chm","48433","24.02.2010 17:00:00"
"C:\Tiptorro\packages\printers\epson\driver\Tm-T88IV\EAPHLP0TRKEndorse.chm","80272","24.02.2010 17:00:00"
"C:\Tiptorro\packages\printers\epson\driver\Tm-T88IV\EAPHLP0TRKImpact.chm","59261","24.02.2010 17:00:00"
"C:\Tiptorro\packages\printers\epson\driver\Tm-T88IV\EAPHLP0TRKInk.chm","83530","24.02.2010 17:00:00"
"C:\Tiptorro\packages\printers\epson\driver\Tm-T88IV\EAPHLP0TRKLabel.chm","84824","24.02.2010 17:00:00"
"C:\Tiptorro\packages\printers\epson\driver\Tm-T88IV\EAPHLP0TRKSlip.chm","61863","24.02.2010 17:00:00"
"C:\Tiptorro\packages\printers\epson\driver\Tm-T88IV\EAPHLP0TRKSlipRotate.chm","48917","24.02.2010 17:00:00"
"C:\Tiptorro\packages\printers\epson\driver\Tm-T88IV\EAPHLP0TRKThermal.chm","92682","24.02.2010 17:00:00"
"C:\Tiptorro\packages\printers\epson\driver\Tm-T88IV\EAPHLP0TRKValidation.chm","62567","24.02.2010 17:00:00"
"C:\Tiptorro\packages\printers\epson\driver\Tm-T88IV\EAPHLP0VITEndorse.chm","86154","24.02.2010 17:00:00"
"C:\Tiptorro\packages\printers\epson\driver\Tm-T88IV\EAPHLP0VITImpact.chm","63325","24.02.2010 17:00:00"
"C:\Tiptorro\packages\printers\epson\driver\Tm-T88IV\EAPHLP0VITInk.chm","91380","24.02.2010 17:00:00"
"C:\Tiptorro\packages\printers\epson\driver\Tm-T88IV\EAPHLP0VITLabel.chm","93616","24.02.2010 17:00:00"
"C:\Tiptorro\packages\printers\epson\driver\Tm-T88IV\EAPHLP0VITSlip.chm","64867","24.02.2010 17:00:00"
"C:\Tiptorro\packages\printers\epson\driver\Tm-T88IV\EAPHLP0VITSlipRotate.chm","51047","24.02.2010 17:00:00"
"C:\Tiptorro\packages\printers\epson\driver\Tm-T88IV\EAPHLP0VITThermal.chm","100950","24.02.2010 17:00:00"
"C:\Tiptorro\packages\printers\epson\driver\Tm-T88IV\EAPHLP0VITValidation.chm","66877","24.02.2010 17:00:00"
"C:\Tiptorro\packages\printers\epson\driver\Tm-T88IV\EAPHLP0ZHHEndorse.chm","79773","24.02.2010 17:00:00"
"C:\Tiptorro\packages\printers\epson\driver\Tm-T88IV\EAPHLP0ZHHImpact.chm","59682","24.02.2010 17:00:00"
"C:\Tiptorro\packages\printers\epson\driver\Tm-T88IV\EAPHLP0ZHHInk.chm","82783","24.02.2010 17:00:00"
"C:\Tiptorro\packages\printers\epson\driver\Tm-T88IV\EAPHLP0ZHHLabel.chm","84709","24.02.2010 17:00:00"
"C:\Tiptorro\packages\printers\epson\driver\Tm-T88IV\EAPHLP0ZHHSlip.chm","60244","24.02.2010 17:00:00"
"C:\Tiptorro\packages\printers\epson\driver\Tm-T88IV\EAPHLP0ZHHSlipRotate.chm","47204","24.02.2010 17:00:00"
"C:\Tiptorro\packages\printers\epson\driver\Tm-T88IV\EAPHLP0ZHHThermal.chm","90237","24.02.2010 17:00:00"
"C:\Tiptorro\packages\printers\epson\driver\Tm-T88IV\EAPHLP0ZHHValidation.chm","60986","24.02.2010 17:00:00"
"C:\Tiptorro\packages\printers\epson\driver\Tm-T88IV\EAPHT0001.DLL","82432","14.11.2013 01:10:54"
"C:\Tiptorro\packages\printers\epson\driver\Tm-T88IV\EAPHT1BP.dll","59904","24.03.2020 02:20:28"
"C:\Tiptorro\packages\printers\epson\driver\Tm-T88IV\EAPHT4BP.dll","48640","24.03.2020 02:20:30"
"C:\Tiptorro\packages\printers\epson\driver\Tm-T88IV\EAPimc0.DLL","438272","24.03.2020 02:20:48"
"C:\Tiptorro\packages\printers\epson\driver\Tm-T88IV\EAPIMGPRC.DLL","52736","14.11.2013 01:10:52"
"C:\Tiptorro\packages\printers\epson\driver\Tm-T88IV\EAPIMMD02.DLL","390144","14.11.2013 01:14:02"
"C:\Tiptorro\packages\printers\epson\driver\Tm-T88IV\EAPINKVOL.DLL","12288","14.11.2013 01:08:54"
"C:\Tiptorro\packages\printers\epson\driver\Tm-T88IV\EAPIPGI10.DLL","52224","15.03.2009 17:00:00"
"C:\Tiptorro\packages\printers\epson\driver\Tm-T88IV\EAPjnl7.dll","515584","24.03.2020 02:20:26"
"C:\Tiptorro\packages\printers\epson\driver\Tm-T88IV\EAPJOB03X.DLL","343040","14.11.2013 01:08:50"
"C:\Tiptorro\packages\printers\epson\driver\Tm-T88IV\EAPMAI03X.DLL","113152","14.11.2013 01:08:50"
"C:\Tiptorro\packages\printers\epson\driver\Tm-T88IV\EAPMW0001.DLL","58368","14.11.2013 01:10:56"
"C:\Tiptorro\packages\printers\epson\driver\Tm-T88IV\EAPPntPrt.dll","99840","29.07.2014 03:09:28"
"C:\Tiptorro\packages\printers\epson\driver\Tm-T88IV\EAPPPE03X.EXE","43648","14.11.2013 02:23:10"
"C:\Tiptorro\packages\printers\epson\driver\Tm-T88IV\EAPPUI03X.DLL","233984","14.11.2013 01:09:04"
"C:\Tiptorro\packages\printers\epson\driver\Tm-T88IV\EAPR027e.dll","200192","23.03.2020 21:00:00"
"C:\Tiptorro\packages\printers\epson\driver\Tm-T88IV\EAPR037e.dll","208384","23.03.2020 21:00:00"
"C:\Tiptorro\packages\printers\epson\driver\Tm-T88IV\EAPR057e.dll","292864","23.03.2020 21:00:00"
"C:\Tiptorro\packages\printers\epson\driver\Tm-T88IV\EAPR067e.dll","323072","23.03.2020 21:00:00"
"C:\Tiptorro\packages\printers\epson\driver\Tm-T88IV\EAPR077e.dll","380416","23.03.2020 21:00:00"
"C:\Tiptorro\packages\printers\epson\driver\Tm-T88IV\EAPR087e.dll","204800","23.03.2020 21:00:00"
"C:\Tiptorro\packages\printers\epson\driver\Tm-T88IV\EAPR127e.dll","559616","23.03.2020 21:00:00"
"C:\Tiptorro\packages\printers\epson\driver\Tm-T88IV\EAPR137e.dll","404480","23.03.2020 21:00:00"
"C:\Tiptorro\packages\printers\epson\driver\Tm-T88IV\EAPR217e.dll","263680","23.03.2020 21:00:00"
"C:\Tiptorro\packages\printers\epson\driver\Tm-T88IV\EAPR217j.dll","417280","23.03.2020 21:00:00"
"C:\Tiptorro\packages\printers\epson\driver\Tm-T88IV\EAPR217s.dll","171520","23.03.2020 21:00:00"
"C:\Tiptorro\packages\printers\epson\driver\Tm-T88IV\EAPR217t.dll","289280","23.03.2020 21:00:00"
"C:\Tiptorro\packages\printers\epson\driver\Tm-T88IV\EAPR227e.dll","180224","23.03.2020 21:00:00"
"C:\Tiptorro\packages\printers\epson\driver\Tm-T88IV\EAPR237e.dll","213504","23.03.2020 21:00:00"
"C:\Tiptorro\packages\printers\epson\driver\Tm-T88IV\EAPR257e.dll","161792","23.03.2020 21:00:00"
"C:\Tiptorro\packages\printers\epson\driver\Tm-T88IV\EAPR267e.dll","541184","23.03.2020 21:00:00"
"C:\Tiptorro\packages\printers\epson\driver\Tm-T88IV\EAPR347e.dll","133632","23.03.2020 21:00:00"
"C:\Tiptorro\packages\printers\epson\driver\Tm-T88IV\EAPR357e.dll","141824","23.03.2020 21:00:00"
"C:\Tiptorro\packages\printers\epson\driver\Tm-T88IV\EAPr387e.dll","145408","23.03.2020 21:00:00"
"C:\Tiptorro\packages\printers\epson\driver\Tm-T88IV\EAPR397E.dll","142336","23.03.2020 21:00:00"
"C:\Tiptorro\packages\printers\epson\driver\Tm-T88IV\EAPR3b7e.dll","56320","23.03.2020 21:00:00"
"C:\Tiptorro\packages\printers\epson\driver\Tm-T88IV\EAPR3C7e.dll","178176","23.03.2020 21:00:00"
"C:\Tiptorro\packages\printers\epson\driver\Tm-T88IV\EAPR3d7e.dll","153088","23.03.2020 21:00:00"
"C:\Tiptorro\packages\printers\epson\driver\Tm-T88IV\EAPR3d7j.dll","172544","23.03.2020 21:00:00"
"C:\Tiptorro\packages\printers\epson\driver\Tm-T88IV\EAPR3d7s.dll","160256","23.03.2020 21:00:00"
"C:\Tiptorro\packages\printers\epson\driver\Tm-T88IV\EAPR3d7sa.dll","410112","23.03.2020 21:00:00"
"C:\Tiptorro\packages\printers\epson\driver\Tm-T88IV\EAPR3d7t.dll","172032","23.03.2020 21:00:00"
"C:\Tiptorro\packages\printers\epson\driver\Tm-T88IV\EAPR3e7e.dll","323072","23.03.2020 21:00:00"
"C:\Tiptorro\packages\printers\epson\driver\Tm-T88IV\EAPR3e7j.dll","380928","23.03.2020 21:00:00"
"C:\Tiptorro\packages\printers\epson\driver\Tm-T88IV\EAPR427e.dll","89600","23.03.2020 21:00:00"
"C:\Tiptorro\packages\printers\epson\driver\Tm-T88IV\EAPR437e.dll","38912","23.03.2020 21:00:00"
"C:\Tiptorro\packages\printers\epson\driver\Tm-T88IV\EAPR447E.dll","115200","23.03.2020 21:00:00"
"C:\Tiptorro\packages\printers\epson\driver\Tm-T88IV\EAPR457e.dll","76800","23.03.2020 21:00:00"
"C:\Tiptorro\packages\printers\epson\driver\Tm-T88IV\EAPR467e.dll","203776","23.03.2020 21:00:00"
"C:\Tiptorro\packages\printers\epson\driver\Tm-T88IV\EAPR477e.dll","126976","23.03.2020 21:00:00"
"C:\Tiptorro\packages\printers\epson\driver\Tm-T88IV\EAPR487e.dll","93696","23.03.2020 21:00:00"
"C:\Tiptorro\packages\printers\epson\driver\Tm-T88IV\EAPR497e.dll","168960","23.03.2020 21:00:00"
"C:\Tiptorro\packages\printers\epson\driver\Tm-T88IV\EAPR4a7e.dll","154112","23.03.2020 21:00:00"
"C:\Tiptorro\packages\printers\epson\driver\Tm-T88IV\EAPR4C7e.dll","227840","23.03.2020 21:00:00"
"C:\Tiptorro\packages\printers\epson\driver\Tm-T88IV\EAPR4d7e.dll","81408","23.03.2020 21:00:00"
"C:\Tiptorro\packages\printers\epson\driver\Tm-T88IV\EAPR637e.dll","155648","23.03.2020 21:00:00"
"C:\Tiptorro\packages\printers\epson\driver\Tm-T88IV\EAPR647e.dll","166912","23.03.2020 21:00:00"
"C:\Tiptorro\packages\printers\epson\driver\Tm-T88IV\EAPR647j.dll","204288","23.03.2020 21:00:00"
"C:\Tiptorro\packages\printers\epson\driver\Tm-T88IV\EAPR647s.dll","174080","23.03.2020 21:00:00"
"C:\Tiptorro\packages\printers\epson\driver\Tm-T88IV\EAPR647t.dll","185856","23.03.2020 21:00:00"
"C:\Tiptorro\packages\printers\epson\driver\Tm-T88IV\EAPR717e.dll","155648","23.03.2020 21:00:00"
"C:\Tiptorro\packages\printers\epson\driver\Tm-T88IV\EAPR727e.dll","155648","23.03.2020 21:00:00"
"C:\Tiptorro\packages\printers\epson\driver\Tm-T88IV\EAPR737e.dll","155648","23.03.2020 21:00:00"
"C:\Tiptorro\packages\printers\epson\driver\Tm-T88IV\EAPr747e.dll","166400","23.03.2020 21:00:00"
"C:\Tiptorro\packages\printers\epson\driver\Tm-T88IV\EAPr747j.dll","185856","23.03.2020 21:00:00"
"C:\Tiptorro\packages\printers\epson\driver\Tm-T88IV\EAPR817e.dll","19968","23.03.2020 21:00:00"
"C:\Tiptorro\packages\printers\epson\driver\Tm-T88IV\EAPR837e.dll","199680","23.03.2020 21:00:00"
"C:\Tiptorro\packages\printers\epson\driver\Tm-T88IV\EAPR857e.dll","46592","23.03.2020 21:00:00"
"C:\Tiptorro\packages\printers\epson\driver\Tm-T88IV\EAPr917e.DLL","146944","23.03.2020 21:00:00"
"C:\Tiptorro\packages\printers\epson\driver\Tm-T88IV\EAPRA07e.dll","190464","23.03.2020 21:00:00"
"C:\Tiptorro\packages\printers\epson\driver\Tm-T88IV\EAPRA17e.dll","204288","23.03.2020 21:00:00"
"C:\Tiptorro\packages\printers\epson\driver\Tm-T88IV\EAPrA17j.dll","225280","23.03.2020 21:00:00"
"C:\Tiptorro\packages\printers\epson\driver\Tm-T88IV\EAPRab7e.dll","81920","23.03.2020 21:00:00"
"C:\Tiptorro\packages\printers\epson\driver\Tm-T88IV\EAPRC0001.DLL","592384","14.11.2013 01:10:54"
"C:\Tiptorro\packages\printers\epson\driver\Tm-T88IV\EAPRC0002.DLL","633344","14.11.2013 01:10:54"
"C:\Tiptorro\packages\printers\epson\driver\Tm-T88IV\EAPSEST32.DLL","63488","15.03.2009 17:00:00"
"C:\Tiptorro\packages\printers\epson\driver\Tm-T88IV\EAPThai3Path.dll","86528","24.03.2020 02:20:30"
"C:\Tiptorro\packages\printers\epson\driver\Tm-T88IV\EAPuif7.dll","652288","24.03.2020 02:21:06"
"C:\Tiptorro\packages\printers\epson\driver\Tm-T88IV\EAPUIM03X.DLL","244736","14.11.2013 01:09:06"
"C:\Tiptorro\packages\printers\epson\driver\Tm-T88IV\EAPUir0.dll","5571072","24.03.2020 02:21:08"
"C:\Tiptorro\packages\printers\epson\driver\Tm-T88IV\EAPUIR03E.DLL","498176","14.11.2013 01:09:06"
"C:\Tiptorro\packages\printers\epson\driver\Tm-T88IV\EAPUIR03J.DLL","483840","14.11.2013 01:09:08"
"C:\Tiptorro\packages\printers\epson\driver\Tm-T88IV\EAPurc0.DLL","76800","24.03.2020 02:20:50"
"C:\Tiptorro\packages\printers\epson\driver\Tm-T88IV\EAPurn0.dll","211456","24.03.2020 02:20:56"
"C:\Tiptorro\packages\printers\epson\driver\Tm-T88IV\EAPUTY03X.DLL","521216","14.11.2013 01:09:08"
"C:\Tiptorro\packages\printers\epson\driver\Tm-T88IV\EAP_Package.ini","14","10.02.2023 13:21:20"
"C:\Tiptorro\packages\printers\epson\driver\Tm-T88IV\Epset32.dll","53248","15.03.2009 17:00:00"
"C:\Tiptorro\packages\printers\epson\installer\APD_459aE.exe","52971312","20.09.2023 13:48:50"
"C:\Tiptorro\packages\printers\epson\installer\APD_513_T88V.exe","54459816","29.08.2025 20:55:04"
"C:\Tiptorro\packages\printers\hwasung\HMK-054.GPD","11705","08.03.2016 10:17:36"
"C:\Tiptorro\packages\printers\hwasung\HMK-056.GPD","11705","21.04.2022 04:53:46"
"C:\Tiptorro\packages\printers\hwasung\HMK-060.GPD","11705","13.05.2011 13:21:06"
"C:\Tiptorro\packages\printers\hwasung\HMK-072.GPD","11243","17.09.2021 09:08:24"
"C:\Tiptorro\packages\printers\hwasung\HMK-080.GPD","11698","13.05.2011 13:21:14"
"C:\Tiptorro\packages\printers\hwasung\HMK-081.GPD","13155","08.03.2016 10:14:00"
"C:\Tiptorro\packages\printers\hwasung\HMK-825.GPD","13155","13.05.2011 13:15:04"
"C:\Tiptorro\packages\printers\hwasung\HMK-830_200.GPD","12563","18.03.2019 07:54:10"
"C:\Tiptorro\packages\printers\hwasung\HMK-830_300.GPD","12563","18.03.2019 07:39:12"
"C:\Tiptorro\packages\printers\hwasung\HmW2k.dll","4608","07.07.2016 11:30:40"
"C:\Tiptorro\packages\printers\hwasung\HP-058.GPD","12796","12.07.2016 05:34:40"
"C:\Tiptorro\packages\printers\hwasung\HP-083.GPD","13034","12.07.2016 05:34:42"
"C:\Tiptorro\packages\printers\hwasung\HP-283.GPD","13036","12.07.2016 05:34:40"
"C:\Tiptorro\packages\printers\hwasung\HP-380.GPD","11243","17.09.2021 09:41:20"
"C:\Tiptorro\packages\printers\hwasung\HPP-250.GPD","10529","08.03.2016 10:18:10"
"C:\Tiptorro\packages\printers\hwasung\HWASUNG Printer Driver Installer.exe","32256","27.06.2022 10:15:22"
"C:\Tiptorro\packages\printers\hwasung\hwasung202109.cat","17083","27.06.2022 09:20:50"
"C:\Tiptorro\packages\printers\hwasung\hwasung202204.cat","16025","21.04.2022 05:02:52"
"C:\Tiptorro\packages\printers\hwasung\HWASUNG_32bit_v400.INF","3702","27.06.2022 09:16:08"
"C:\Tiptorro\packages\printers\hwasung\HWASUNG_64bit_v400.INF","4034","21.04.2022 04:55:26"
"C:\Tiptorro\packages\printers\hwasung\JW-1660.GPD","12600","28.08.2019 09:19:24"
"C:\Tiptorro\packages\printers\hwasung\uninst.exe","54866","18.03.2024 17:19:20"
"C:\Tiptorro\packages\printers\star\CommandEmulator.dll","164712","29.08.2025 20:59:20"
"C:\Tiptorro\packages\printers\star\Configuration.dll","434512","29.08.2025 20:59:18"
"C:\Tiptorro\packages\printers\star\GenericAction.dll","352592","29.08.2025 20:59:18"
"C:\Tiptorro\packages\printers\star\Setup.exe","94968","29.08.2025 20:59:14"
"C:\Tiptorro\packages\printers\star\setup_x64.exe","125555432","29.08.2025 20:59:18"
"C:\Tiptorro\packages\printers\star\setup_x86.exe","122199600","29.08.2025 20:59:18"
"C:\Tiptorro\packages\printers\star\SMJLMHOST.dll","31048","29.08.2025 20:59:18"
"C:\Tiptorro\packages\printers\star\smjt100.cat","27451","29.08.2025 20:59:18"
"C:\Tiptorro\packages\printers\star\smjt100.inf","5781","29.08.2025 20:59:18"
"C:\Tiptorro\packages\printers\star\smjt100.ini","42","29.08.2025 20:59:18"
"C:\Tiptorro\packages\printers\star\smjt100epm.dll","192920","29.08.2025 20:59:18"
"C:\Tiptorro\packages\printers\star\smjt100epmrc.dll","27544","29.08.2025 20:59:18"
"C:\Tiptorro\packages\printers\star\smjt100epmui.dll","129432","29.08.2025 20:59:18"
"C:\Tiptorro\packages\printers\star\smjt100res.dll","181608","29.08.2025 20:59:18"
"C:\Tiptorro\packages\printers\star\smjt100res.gpd","5468","29.08.2025 20:59:18"
"C:\Tiptorro\packages\printers\star\smjt100ui.dll","42368","29.08.2025 20:59:20"
"C:\Tiptorro\packages\printers\star\smjt113.gpd","108486","29.08.2025 20:59:20"
"C:\Tiptorro\packages\printers\star\smjt143.gpd","140014","29.08.2025 20:59:20"
"C:\Tiptorro\packages\printers\star\StarLineModeSE.dll","6910816","29.08.2025 20:59:20"
"C:\Tiptorro\packages\printers\star\StarTSPTC.dll","162144","29.08.2025 20:59:20"
"C:\Tiptorro\packages\printers\star\TargetAction.dll","127864","29.08.2025 20:59:20"
"C:\Tiptorro\packages\printers\star\TSP100BLM.dll","316336","29.08.2025 20:59:20"
"C:\Tiptorro\packages\printers\star\TSP100BLMIF.dll","141744","29.08.2025 20:59:20"
"C:\Tiptorro\packages\printers\star\TSP100ELM.dll","315288","29.08.2025 20:59:20"
"C:\Tiptorro\packages\printers\star\TSP100ELMIF.dll","140696","29.08.2025 20:59:20"
"C:\Tiptorro\packages\printers\star\TSP100LM.dll","335256","29.08.2025 20:59:20"
"C:\Tiptorro\packages\printers\star\TSP100LMIF.dll","163248","29.08.2025 20:59:20"
"C:\Tiptorro\packages\printers\star\xerces-c_2_8.dll","2842992","29.08.2025 20:59:20"
"C:\Tiptorro\packages\teamviewer\TeamViewer_Settings.reg","6924","10.09.2025 01:48:26"
"C:\Tiptorro\packages\teamviewer\TeamViewer_Setup.exe","38459680","30.08.2025 00:42:41"
"C:\Tiptorro\policies\teamviewer-standard.reg","12458","10.09.2025 01:56:16"
"C:\Tiptorro\policies\TeamViewer_Settings.reg","6924","10.09.2025 01:48:26"
"C:\Tiptorro\scripts\Apply-EdgePolicies.ps1","1313","11.09.2025 22:09:24"
"C:\Tiptorro\scripts\Audit-Signatures.ps1","2485","12.09.2025 01:21:08"
"C:\Tiptorro\scripts\Build-Handover.ps1","5400","12.09.2025 01:32:42"
"C:\Tiptorro\scripts\Create-LiveTV-Shortcut.ps1","828","11.09.2025 16:38:48"
"C:\Tiptorro\scripts\DeviceManager.ps1","8848","10.09.2025 02:35:02"
"C:\Tiptorro\scripts\HealthCheck.ps1","6529","12.09.2025 00:55:46"
"C:\Tiptorro\scripts\LiveTV-SetLink.ps1","2333","11.09.2025 21:13:38"
"C:\Tiptorro\scripts\OneClick-Phase8.ps1","4854","11.09.2025 22:22:22"
"C:\Tiptorro\scripts\Printers_Forms.ps1","14370","11.09.2025 04:38:17"
"C:\Tiptorro\scripts\Reset-TorroEnv.ps1","3","12.09.2025 02:02:10"
"C:\Tiptorro\scripts\Scan-PrinterPackages.ps1","4279","10.09.2025 12:59:42"
"C:\Tiptorro\scripts\Setup-TeamViewer.ps1","2899","10.09.2025 01:36:23"
"C:\Tiptorro\scripts\Start-LiveTV.ps1","4959","11.09.2025 21:01:09"
"C:\Tiptorro\scripts\Start-Maintenance.ps1","561","11.09.2025 21:14:57"
"C:\Tiptorro\scripts\Start-ShopKiosk.ps1","5792","11.09.2025 20:07:30"
"C:\Tiptorro\scripts\Torro-Panel.ps1","15060","12.09.2025 01:44:28"
"C:\Tiptorro\scripts\Verify-Phase7-8.ps1","3431","11.09.2025 15:56:54"
"C:\Tiptorro\state\livetv.selected.json","149","12.09.2025 02:13:00"
"C:\Tiptorro\_backup\pre_reset_20250912_0201\assigned_access_events.txt","0","11.09.2025 15:33:58"
"C:\Tiptorro\_backup\pre_reset_20250912_0201\audit.whitelist.txt","88","12.09.2025 01:21:23"
"C:\Tiptorro\_backup\pre_reset_20250912_0201\audit_signatures_20250912_011116.csv","85868","12.09.2025 01:11:26"
"C:\Tiptorro\_backup\pre_reset_20250912_0201\audit_signatures_20250912_011116.log","21796","12.09.2025 01:11:26"
"C:\Tiptorro\_backup\pre_reset_20250912_0201\audit_signatures_20250912_011508.csv","86394","12.09.2025 01:15:12"
"C:\Tiptorro\_backup\pre_reset_20250912_0201\audit_signatures_20250912_011508.log","21980","12.09.2025 01:15:12"
"C:\Tiptorro\_backup\pre_reset_20250912_0201\audit_signatures_20250912_011720.csv","28844","12.09.2025 01:17:24"
"C:\Tiptorro\_backup\pre_reset_20250912_0201\audit_signatures_20250912_011720.log","21980","12.09.2025 01:17:24"
"C:\Tiptorro\_backup\pre_reset_20250912_0201\audit_signatures_20250912_012132.csv","26740","12.09.2025 01:21:36"
"C:\Tiptorro\_backup\pre_reset_20250912_0201\audit_signatures_20250912_012132.log","20676","12.09.2025 01:21:36"
"C:\Tiptorro\_backup\pre_reset_20250912_0201\audit_signatures_20250912_014725.csv","26740","12.09.2025 01:47:29"
"C:\Tiptorro\_backup\pre_reset_20250912_0201\audit_signatures_20250912_014725.log","20676","12.09.2025 01:47:29"
"C:\Tiptorro\_backup\pre_reset_20250912_0201\audit_signatures_20250912_014756.csv","26740","12.09.2025 01:48:00"
"C:\Tiptorro\_backup\pre_reset_20250912_0201\audit_signatures_20250912_014756.log","20676","12.09.2025 01:48:00"
"C:\Tiptorro\_backup\pre_reset_20250912_0201\CHANGELOG.md","0","11.09.2025 12:50:01"
"C:\Tiptorro\_backup\pre_reset_20250912_0201\devicemanager_FirstRun_20250910_021744.log","7338","10.09.2025 02:19:46"
"C:\Tiptorro\_backup\pre_reset_20250912_0201\devicemanager_HealthCheck_20250910_022745.log","608","10.09.2025 02:27:45"
"C:\Tiptorro\_backup\pre_reset_20250912_0201\devicemanager_HealthCheck_20250910_023522.log","608","10.09.2025 02:35:22"
"C:\Tiptorro\_backup\pre_reset_20250912_0201\devicemanager_Install_20250910_023520.log","1032","10.09.2025 02:35:22"
"C:\Tiptorro\_backup\pre_reset_20250912_0201\devicemanager_Start_20250910_023534.log","568","10.09.2025 02:35:34"
"C:\Tiptorro\_backup\pre_reset_20250912_0201\devicemanager_Status_20250910_021635.log","782","10.09.2025 02:16:35"
"C:\Tiptorro\_backup\pre_reset_20250912_0201\devicemanager_Status_20250910_022246.log","782","10.09.2025 02:22:46"
"C:\Tiptorro\_backup\pre_reset_20250912_0201\devicemanager_Status_20250910_022507.log","782","10.09.2025 02:25:07"
"C:\Tiptorro\_backup\pre_reset_20250912_0201\devicemanager_Stop_20250910_023534.log","362","10.09.2025 02:35:34"
"C:\Tiptorro\_backup\pre_reset_20250912_0201\edge-policies.reg","1964","12.09.2025 02:01:59"
"C:\Tiptorro\_backup\pre_reset_20250912_0201\edge-procs_20250911_205108.txt","1461","11.09.2025 20:51:08"
"C:\Tiptorro\_backup\pre_reset_20250912_0201\healthcheck_20250912_004706.log","6554","12.09.2025 00:47:12"
"C:\Tiptorro\_backup\pre_reset_20250912_0201\healthcheck_20250912_004807.log","6554","12.09.2025 00:48:10"
"C:\Tiptorro\_backup\pre_reset_20250912_0201\healthcheck_20250912_005547.log","6700","12.09.2025 00:55:50"
"C:\Tiptorro\_backup\pre_reset_20250912_0201\healthcheck_20250912_014706.log","6700","12.09.2025 01:47:09"
"C:\Tiptorro\_backup\pre_reset_20250912_0201\healthcheck_20250912_014743.log","6700","12.09.2025 01:47:46"
"C:\Tiptorro\_backup\pre_reset_20250912_0201\livetv.selected.json","95","11.09.2025 21:15:28"
"C:\Tiptorro\_backup\pre_reset_20250912_0201\monitors_20250911_205240.txt","75","11.09.2025 20:52:40"
"C:\Tiptorro\_backup\pre_reset_20250912_0201\monitors_20250911_221608.txt","73","11.09.2025 22:16:08"
"C:\Tiptorro\_backup\pre_reset_20250912_0201\ops-playbook.md","11816","12.09.2025 01:10:42"
"C:\Tiptorro\_backup\pre_reset_20250912_0201\phase4-5_printers_snapshot.txt","9190","11.09.2025 05:01:30"
"C:\Tiptorro\_backup\pre_reset_20250912_0201\phase8_20250912_014508.txt","522","12.09.2025 01:45:08"
"C:\Tiptorro\_backup\pre_reset_20250912_0201\printers_after.csv","2344","12.09.2025 02:02:00"
"C:\Tiptorro\_backup\pre_reset_20250912_0201\printers_before.csv","2344","12.09.2025 02:02:00"
"C:\Tiptorro\_backup\pre_reset_20250912_0201\printers_forms_AddForms_20250910_131940.log","4156","10.09.2025 13:19:41"
"C:\Tiptorro\_backup\pre_reset_20250912_0201\printers_forms_AddForms_20250910_132121.log","4156","10.09.2025 13:21:22"
"C:\Tiptorro\_backup\pre_reset_20250912_0201\printers_forms_Detect_20250910_122211.log","3590","10.09.2025 12:22:12"
"C:\Tiptorro\_backup\pre_reset_20250912_0201\printers_forms_Detect_20250910_131931.log","3590","10.09.2025 13:19:32"
"C:\Tiptorro\_backup\pre_reset_20250912_0201\printers_forms_Install_20250910_132141.log","4034","10.09.2025 13:21:43"
"C:\Tiptorro\_backup\pre_reset_20250912_0201\printers_forms_OneClick_20250911_044432.log","7920","11.09.2025 04:44:37"
"C:\Tiptorro\_backup\pre_reset_20250912_0201\printers_forms_OneClick_20250911_045859.log","6540","11.09.2025 04:59:05"
"C:\Tiptorro\_backup\pre_reset_20250912_0201\printers_forms_SavePrefs_20250910_132633.log","3862","10.09.2025 13:26:35"
"C:\Tiptorro\_backup\pre_reset_20250912_0201\printers_forms_TestASCII_20250910_132143.log","3980","10.09.2025 13:21:44"
"C:\Tiptorro\_backup\pre_reset_20250912_0201\printers_forms_TestASCII_20250910_132540.log","3980","10.09.2025 13:25:40"
"C:\Tiptorro\_backup\pre_reset_20250912_0201\printer_package_scan_20250910_130544.csv","1181","10.09.2025 13:05:45"
"C:\Tiptorro\_backup\pre_reset_20250912_0201\printer_package_scan_20250910_130544.log","1472","10.09.2025 13:05:45"
"C:\Tiptorro\_backup\pre_reset_20250912_0201\printer_package_scan_summary_20250910_130544.txt","1098","10.09.2025 13:05:45"
"C:\Tiptorro\_backup\pre_reset_20250912_0201\README.md","6334","12.09.2025 00:45:01"
"C:\Tiptorro\_backup\pre_reset_20250912_0201\reset_20250912_0200.log","230","12.09.2025 02:00:01"
"C:\Tiptorro\_backup\pre_reset_20250912_0201\reset_20250912_0201.log","536","12.09.2025 02:01:59"
"C:\Tiptorro\_backup\pre_reset_20250912_0201\services_after.csv","117","12.09.2025 02:02:00"
"C:\Tiptorro\_backup\pre_reset_20250912_0201\services_before.csv","117","12.09.2025 02:02:00"
"C:\Tiptorro\_backup\pre_reset_20250912_0201\teamviewer_id.log","110","10.09.2025 18:19:51"
"C:\Tiptorro\_backup\pre_reset_20250912_0201\teamviewer_setup_20250910_013630.log","988","10.09.2025 01:36:33"
"C:\Tiptorro\_backup\pre_reset_20250912_0201\teamviewer_setup_20250910_015633.log","880","10.09.2025 01:56:37"
"C:\Tiptorro\_export\20250912_0217\edge-policies.reg","1964","12.09.2025 02:17:22"
"C:\Tiptorro\_export\20250912_0217\manifest_basic.csv","52706","12.09.2025 02:17:23"
"C:\Tiptorro\_export\20250912_0217\manifest_hashes.csv","88637","12.09.2025 02:17:26"
"C:\Tiptorro\_export\20250912_0217\os.csv","88","12.09.2025 02:17:23"
"C:\Tiptorro\_export\20250912_0217\printers.csv","2344","12.09.2025 02:17:23"
"C:\Tiptorro\_export\20250912_0217\services.csv","117","12.09.2025 02:17:23"
"C:\Tiptorro\_export\20250912_0219\edge-policies.reg","1964","12.09.2025 02:19:18"
"C:\Tiptorro\_export\20250912_0219\manifest_basic.csv","52954","12.09.2025 02:32:52"
"C:\Tiptorro\_export\20250912_0219\manifest_hashes.csv","88998","12.09.2025 02:32:30"
"C:\Tiptorro\_export\20250912_0219\os.csv","88","12.09.2025 02:19:18"
"C:\Tiptorro\_export\20250912_0219\printers.csv","2344","12.09.2025 02:19:18"
"C:\Tiptorro\_export\20250912_0219\services.csv","65","12.09.2025 02:19:18"
